"FIPS","State","County","Median.Household.Income","Covid_Deaths_2020","Covid_Death_Rate_22","Life_Exp_22","Health_Outcomes_Rank","Health_Factors_Rank","Length_of_Life_Rank","Clinical_Care_Rank","Socioeconomic_Rank","YPLL_Rate","YPLL_Black","YPLL_White","Percent_Poor_Health","Percent_Low_Birthweight"
1001,"Alabama","Autauga",67565,55,82,76.6,6,9,"4",11,5,8027,11549,7333,20,10
1003,"Alabama","Baldwin",71135,165,50,77.7,2,3,"5",4,3,8118,11603,8059,17,8
1005,"Alabama","Barbour",38866,38,110,72.9,56,60,"52",36,60,12877,15534,9950,31,12
1007,"Alabama","Bibb",50907,40,147,73.6,31,50,"31",44,50,11191,11737,11369,25,10
1013,"Alabama","Butler",42268,52,171,73.5,52,57,"51",51,57,12717,14141,12183,27,13
1015,"Alabama","Calhoun",50259,175,119,72.8,29,22,"40",25,28,11826,12233,12018,24,9
1017,"Alabama","Chambers",39318,73,147,73.8,39,37,"29",29,39,11059,10544,11004,25,13
1021,"Alabama","Chilton",52693,76,138,74.4,22,38,"16",47,27,10342,11094,10603,25,9
1023,"Alabama","Choctaw",41649,31,134,74.2,49,35,"44",13,29,12129,15799,9599,27,12
1025,"Alabama","Clarke",44178,43,127,71.7,60,59,"57",45,55,14428,16735,12930,28,13
1031,"Alabama","Coffee",54203,70,103,75.3,8,12,"10",34,8,9298,13258,9291,22,9
1033,"Alabama","Colbert",54185,83,102,73.9,24,15,"30",20,16,11072,13995,10732,22,11
1035,"Alabama","Conecuh",34664,27,130,71.2,63,54,"63",62,54,15565,19263,12273,28,14
1037,"Alabama","Coosa",46509,19,123,73.9,53,32,"55",15,46,13477,17958,10693,25,15
1039,"Alabama","Covington",43544,90,151,72.9,40,33,"43",58,20,12059,18134,11429,24,11
1041,"Alabama","Crenshaw",45927,29,147,72.6,43,49,"42",57,49,12025,12014,12633,25,11
1045,"Alabama","Dale",48493,86,136,74.9,12,18,"17",31,19,10385,10896,10838,23,8
1047,"Alabama","Dallas",37679,100,202,71.1,62,62,"61",26,63,15053,16585,11215,29,14
1051,"Alabama","Elmore",62524,93,95,75.3,7,10,"9",12,7,9205,11995,8721,21,9
1053,"Alabama","Escambia",41212,58,117,72.2,50,56,"53",61,53,13084,15275,12292,28,10
1055,"Alabama","Etowah",47872,222,159,72.5,33,25,"45",39,38,12211,14965,12075,23,9
1057,"Alabama","Fayette",45937,41,166,73.1,46,23,"47",9,34,12489,20741,11642,25,10
1061,"Alabama","Geneva",39882,54,133,72.6,41,45,"50",53,42,12682,15699,12996,25,8
1065,"Alabama","Hale",41836,37,194,72.5,55,63,"54",56,59,13407,16213,9211,29,12
1067,"Alabama","Henry",51126,24,90,75.5,20,19,"14",19,25,10034,13002,9309,23,11
1069,"Alabama","Houston",54391,171,121,75.6,14,14,"11",8,14,9505,13213,8260,23,11
1073,"Alabama","Jefferson",57802,748,93,74.1,19,5,"36",2,15,11420,14310,9275,19,11
1077,"Alabama","Lauderdale",52293,130,92,75.9,9,6,"7",7,9,9012,14185,8532,21,10
1079,"Alabama","Lawrence",48924,59,129,72.9,44,43,"49",63,24,12574,18794,12900,25,9
1081,"Alabama","Lee",58963,130,86,77.7,3,4,"2",10,6,7312,11344,6180,20,9
1083,"Alabama","Limestone",70850,91,78,77.1,5,7,"3",16,4,7852,8058,8182,21,9
1089,"Alabama","Madison",67810,217,48,77.4,4,2,"6",3,2,8360,10288,8132,18,10
1091,"Alabama","Marengo",43198,35,130,71,57,47,"62",21,48,15174,16808,11947,27,12
1097,"Alabama","Mobile",50871,473,93,74.4,27,26,"28",35,45,10974,13877,9592,23,12
1099,"Alabama","Monroe",38812,30,97,73.3,54,55,"56",42,58,13664,19917,8403,28,12
1101,"Alabama","Montgomery",49607,337,129,75.2,23,17,"19",6,35,10524,12643,7534,23,13
1103,"Alabama","Morgan",55688,169,108,74.2,13,11,"25",18,13,10860,15044,10639,22,9
1107,"Alabama","Pickens",41870,37,126,73.9,42,48,"22",40,51,10619,12953,8978,28,13
1109,"Alabama","Pike",43141,45,112,73.9,32,20,"39",46,26,11574,15340,9037,24,11
1111,"Alabama","Randolph",46679,54,153,73.9,26,44,"38",48,37,11568,14065,11386,24,9
1113,"Alabama","Russell",40821,70,109,73.4,34,27,"37",33,43,11475,11166,12994,25,11
1115,"Alabama","St. Clair",61973,136,120,74.7,11,13,"12",17,10,9846,10032,10051,21,9
1117,"Alabama","Shelby",88444,148,57,80.3,1,1,"1",1,1,6125,7565,6141,16,8
1121,"Alabama","Talladega",44802,130,121,72.9,48,42,"46",38,47,12311,12936,12325,26,11
1123,"Alabama","Tallapoosa",46654,79,119,73.9,47,39,"35",14,52,11408,14588,10383,24,14
1125,"Alabama","Tuscaloosa",56610,252,117,75.8,10,8,"8",5,11,9050,12238,7431,21,11
1127,"Alabama","Walker",46519,165,184,69.6,58,36,"64",41,36,15734,15500,16074,24,11
1129,"Alabama","Washington",36346,24,111,75.3,37,51,"15",64,44,10228,8986,9574,26,12
2020,"Alaska","Anchorage",84577,117,45,78.7,9,4,"8",5,7,8016,10587,6315,15,6
2090,"Alaska","Fairbanks North Star",76650,19,31,80.2,6,3,"5",3,4,6865,6161,5939,16,6
4003,"Arizona","Cochise",51171,171,83,78.2,8,6,"5",6,4,7810,5006,8234,22,8
4013,"Arizona","Maricopa",71799,4403,82,79.6,1,3,"2",2,3,7005,10719,6551,18,7
4015,"Arizona","Mohave",46678,326,70,75.5,10,11,"11",9,10,10550,11545,10995,21,7
4019,"Arizona","Pima",56551,1182,77,78.5,6,2,"7",1,8,8321,11540,8274,20,8
4021,"Arizona","Pinal",66992,389,59,81.8,2,8,"3",8,6,7261,9184,6682,20,7
4027,"Arizona","Yuma",54278,544,190,80.5,4,12,"6",12,14,7986,10919,9456,27,6
5001,"Arkansas","Arkansas",51186,22,86,72.9,54,27,"55",34,14,11870,17118,9886,26,10
5003,"Arkansas","Ashley",44677,21,68,73.8,57,58,"49",61,62,11534,15489,10866,27,11
5007,"Arkansas","Benton",78678,282,94,79.5,1,1,"1",5,1,6156,7612,6782,20,7
5011,"Arkansas","Bradley",41578,27,175,72.2,66,50,"70",63,51,14029,17955,11577,28,11
5017,"Arkansas","Chicot",35992,25,153,72.2,70,74,"68",56,75,13801,16370,11506,32,13
5019,"Arkansas","Clark",46464,18,69,75.3,10,13,"9",7,13,8860,10822,8309,23,9
5027,"Arkansas","Columbia",44925,30,95,73.9,56,51,"40",15,40,11042,16625,8152,27,11
5031,"Arkansas","Craighead",51797,99,84,76.1,11,11,"10",2,10,9015,13169,8526,23,10
5035,"Arkansas","Crittenden",47545,68,125,72.2,69,66,"66",22,69,13358,15625,10706,28,14
5037,"Arkansas","Cross",40587,29,126,72.1,59,56,"64",62,57,12963,13308,13106,25,10
5039,"Arkansas","Dallas",34649,14,101,73.8,60,38,"59",33,36,12408,13880,12410,27,12
5041,"Arkansas","Desha",37421,13,86,72.2,72,69,"65",68,67,13137,12679,15489,32,15
5043,"Arkansas","Drew",46787,23,97,74,42,32,"48",58,39,11482,16050,10516,24,10
5045,"Arkansas","Faulkner",57367,70,57,76.3,4,4,"5",11,3,8425,11336,8162,21,8
5051,"Arkansas","Garland",46459,137,81,74.3,35,16,"53",6,48,11824,16481,11852,23,9
5057,"Arkansas","Hempstead",42790,20,66,75.6,34,46,"27",51,30,10016,9239,12165,28,10
5059,"Arkansas","Hot Spring",49582,51,100,74,31,22,"35",24,23,10833,12450,10640,24,9
5061,"Arkansas","Howard",40566,18,100,73.5,41,40,"41",60,18,11060,16884,11291,27,9
5067,"Arkansas","Jackson",40789,22,101,72.5,65,67,"58",52,64,12163,11730,12951,29,10
5069,"Arkansas","Jefferson",40588,132,156,72.4,68,59,"67",13,65,13724,14855,12796,27,13
5077,"Arkansas","Lee",32502,17,129,71.6,71,73,"72",40,73,14584,15555,13676,31,13
5079,"Arkansas","Lincoln",47903,27,167,73.9,36,61,"37",71,58,10917,9160,11527,28,9
5085,"Arkansas","Lonoke",59623,75,95,75.2,5,9,"18",17,5,9192,13434,9342,21,8
5091,"Arkansas","Miller",43634,61,113,73.6,48,43,"51",14,50,11644,15684,10446,25,10
5093,"Arkansas","Mississippi",47892,82,184,69.7,73,72,"73",45,70,16101,20513,13806,29,11
5095,"Arkansas","Monroe",35833,11,101,69.7,74,71,"74",39,71,17644,21576,14838,30,11
5103,"Arkansas","Ouachita",46374,38,114,72.7,62,42,"60",9,41,12522,15091,11281,28,10
5107,"Arkansas","Phillips",35167,38,172,69.5,75,75,"74",50,74,17709,20101,12993,33,13
5111,"Arkansas","Poinsett",36150,49,154,70.6,67,63,"71",66,55,14333,16383,14652,27,10
5119,"Arkansas","Pulaski",56171,342,73,75.6,22,8,"31",1,33,10346,13511,8838,22,11
5123,"Arkansas","St. Francis",37759,32,107,74.3,63,70,"47",26,72,11447,13432,10178,31,13
5125,"Arkansas","Saline",70550,98,61,77.3,3,2,"3",20,2,8128,8886,8432,19,8
5131,"Arkansas","Sebastian",48627,111,72,75.6,21,12,"24",3,32,9845,12207,11106,25,8
5139,"Arkansas","Union",47857,70,134,71.7,61,34,"69",19,53,13874,18330,11682,24,11
5143,"Arkansas","Washington",57712,217,95,78,2,3,"2",8,4,6924,10733,7043,22,8
5145,"Arkansas","White",43765,55,57,75.2,20,21,"22",31,27,9608,10750,9940,24,8
6001,"California","Alameda",113518,635,33,82.8,10,6,"8",8,12,4651,11112,4356,16,7
6007,"California","Butte",54718,132,46,77.6,29,32,"42",39,29,7851,10674,8176,19,6
6013,"California","Contra Costa",106484,422,29,82.2,14,9,"13",13,10,4995,10658,4881,16,7
6019,"California","Fresno",61401,937,96,78,45,51,"36",36,51,7511,14126,7712,26,8
6025,"California","Imperial",47599,529,278,79,33,58,"31",53,58,7111,6454,10926,29,6
6029,"California","Kern",58583,678,85,76.5,53,57,"49",51,57,8735,15364,10070,27,7
6031,"California","Kings",60319,113,87,79.2,32,54,"26",52,47,6863,7803,7645,26,6
6033,"California","Lake",52345,39,39,74.8,56,48,"57",48,46,11559,21581,11800,22,7
6037,"California","Los Angeles",75624,11176,98,81.3,24,35,"21",46,45,5558,10982,5220,22,7
6039,"California","Madera",68744,170,103,79.1,37,49,"32",49,49,7197,7855,8109,26,6
6041,"California","Marin",127601,114,25,85.2,1,1,"3",1,1,3555,7411,3393,12,6
6047,"California","Merced",58998,260,103,78.2,38,56,"34",56,55,7372,18086,8839,27,6
6053,"California","Monterey",85031,256,54,82.2,21,38,"18",42,42,5292,6610,5876,24,6
6059,"California","Orange",98786,2459,63,82.8,6,10,"5",15,11,4401,6280,4880,17,6
6061,"California","Placer",100662,157,25,82.3,4,4,"6",2,2,4579,5585,4910,14,6
6065,"California","Riverside",76409,2657,93,80,25,33,"22",45,33,6381,9754,7139,22,7
6067,"California","Sacramento",72953,948,55,79.2,26,23,"24",20,27,6667,11638,6720,18,7
6071,"California","San Bernardino",65984,2747,132,77.6,43,45,"39",55,40,7724,12398,8961,24,8
6073,"California","San Diego",87126,1748,46,81.8,15,16,"12",23,16,4926,8457,5050,17,7
6075,"California","San Francisco",121722,222,19,83.7,7,5,"11",4,8,4811,14935,4122,14,7
6077,"California","San Joaquin",70685,793,100,77.7,42,44,"40",33,48,7768,14471,8371,23,7
6079,"California","San Luis Obispo",79455,116,27,81.8,13,7,"16",5,6,5260,3388,5623,16,6
6081,"California","San Mateo",132369,248,24,84.9,2,2,"2",3,3,3504,8053,3570,14,7
6083,"California","Santa Barbara",86136,177,32,81.7,19,18,"20",17,18,5334,7493,5647,20,7
6085,"California","Santa Clara",139462,852,39,84.7,3,3,"4",7,4,3683,7248,4033,14,7
6089,"California","Shasta",59108,102,39,75.8,46,27,"52",21,30,9500,12474,9818,18,6
6095,"California","Solano",83678,171,32,80,22,19,"23",19,21,6402,10131,6940,18,7
6097,"California","Sonoma",87366,196,27,82,8,11,"15",12,9,5097,8330,5464,16,6
6099,"California","Stanislaus",64501,634,112,77.3,36,42,"41",37,43,7821,12865,9006,24,6
6107,"California","Tulare",62058,451,106,77.8,47,55,"33",40,56,7364,13279,8767,28,7
6111,"California","Ventura",90961,376,35,82.3,9,17,"9",26,14,4737,6146,4970,18,6
6113,"California","Yolo",80668,110,49,81.4,12,13,"10",9,15,4742,8368,5062,19,6
6115,"California","Yuba",56278,29,41,76.3,49,40,"50",47,38,9163,8744,10717,21,7
8001,"Colorado","Adams",73615,447,105,78.6,27,46,"25",40,49,6706,10045,6766,18,9
8005,"Colorado","Arapahoe",82381,492,75,80.6,14,20,"18",10,26,5840,8228,5421,14,10
8031,"Colorado","Denver",75355,647,96,78.9,23,34,"27",8,50,6996,12628,5330,16,9
8041,"Colorado","El Paso",72459,530,75,78.1,33,24,"41",17,28,8046,11391,7769,15,10
8059,"Colorado","Jefferson",90097,473,67,80.3,12,11,"16",7,15,5769,11118,5410,12,9
8101,"Colorado","Pueblo",50885,262,109,75.1,52,54,"54",22,55,10996,14657,10321,20,10
8123,"Colorado","Weld",77937,272,89,80.3,18,32,"20",25,32,5952,7254,5702,16,8
9001,"Connecticut","Fairfield",98828,1629,125,82.1,1,4,"1",5,4,4781,7939,4355,13,7
9003,"Connecticut","Hartford",73476,1731,135,79.4,6,5,"4",1,5,6484,8603,6232,15,9
9005,"Connecticut","Litchfield",79512,249,82,79.2,4,3,"7",4,3,7164,9169,7504,13,6
9007,"Connecticut","Middlesex",89970,214,76,80.8,2,2,"3",2,2,5588,8182,5881,12,7
9009,"Connecticut","New Haven",72517,1488,121,79.2,7,7,"5",7,8,6794,10112,6384,16,8
9011,"Connecticut","New London",77202,274,70,79.5,5,6,"6",6,6,6842,8280,7235,14,7
9013,"Connecticut","Tolland",87247,113,59,81.3,3,1,"2",3,1,5422,4844,5905,13,7
10001,"Delaware","Kent",61538,191,83,77.1,3,3,"3",3,3,8555,10778,8220,20,9
10003,"Delaware","New Castle",75145,499,71,77.9,1,1,"1",1,1,8092,11031,7799,17,9
10005,"Delaware","Sussex",69829,318,76,78.4,2,2,"2",2,2,8196,10514,8331,19,8
11001,"District of Columbia","District of Columbia",91957,831,117,78,1,1,"1",1,1,8357,14992,2302,15,10
12001,"Florida","Alachua",51995,133,45,78.6,27,3,"13",1,8,7325,11562,6783,19,10
12003,"Florida","Baker",61514,36,114,75.5,47,36,"42",41,13,9554,10913,9527,23,10
12005,"Florida","Bay",61332,179,76,76.1,38,29,"47",24,15,10042,11907,10283,20,8
12007,"Florida","Bradford",48260,20,53,75.5,56,59,"48",54,55,10079,9694,10631,26,11
12009,"Florida","Brevard",65871,478,43,77.4,28,9,"41",16,14,9275,12031,9557,19,8
12011,"Florida","Broward",63901,1736,66,80.9,10,30,"6",36,37,6463,8099,7772,22,10
12015,"Florida","Charlotte",58368,245,44,80.8,24,17,"20",10,16,7970,6398,8817,20,9
12017,"Florida","Citrus",48574,204,52,74.5,57,39,"65",27,57,12774,13967,13298,22,8
12019,"Florida","Clay",72520,148,58,77.5,18,10,"21",18,3,7992,7988,8634,19,8
12021,"Florida","Collier",81895,318,35,86.1,2,12,"3",6,20,5479,7351,6218,19,7
12023,"Florida","Columbia",46670,96,94,75,55,43,"53",37,36,10821,11983,11035,23,11
12027,"Florida","DeSoto",45807,55,89,80,41,48,"30",65,49,8506,9502,10899,31,8
12031,"Florida","Duval",55202,709,68,75.5,45,32,"50",19,33,10230,12941,10147,21,10
12033,"Florida","Escambia",57089,327,81,74.5,50,22,"52",20,26,10736,13950,10477,21,11
12035,"Florida","Flagler",67054,53,21,79.1,22,27,"23",22,21,8150,11980,8230,19,8
12039,"Florida","Gadsden",42698,54,87,75.5,64,63,"56",48,60,10980,12848,9109,27,13
12047,"Florida","Hamilton",41871,19,95,75.4,62,66,"46",50,66,9955,12067,9670,31,11
12051,"Florida","Hendry",45652,51,109,77.7,44,65,"35",66,67,8755,16833,10287,34,8
12053,"Florida","Hernando",52108,203,50,76.7,33,34,"40",34,39,9194,9762,10137,22,9
12055,"Florida","Highlands",48922,185,72,77.8,49,40,"54",45,52,10873,13062,11709,26,9
12057,"Florida","Hillsborough",65272,945,57,79.1,11,19,"9",28,17,6879,9949,6961,21,9
12061,"Florida","Indian River",72934,141,41,80.7,14,14,"14",13,19,7341,12643,7447,19,8
12063,"Florida","Jackson",44108,102,142,73,61,50,"64",47,41,12314,12790,12607,26,9
12065,"Florida","Jefferson",54354,13,52,76.7,53,45,"44",49,56,9727,11933,8576,24,11
12069,"Florida","Lake",58501,292,42,78.6,26,23,"25",5,32,8220,10138,8931,21,9
12071,"Florida","Lee",66140,599,38,82.4,16,15,"15",9,24,7557,10386,8447,21,8
12073,"Florida","Leon",61403,158,52,78.7,20,13,"12",11,12,7238,10236,6225,18,10
12075,"Florida","Levy",41894,30,41,75.4,54,57,"51",53,54,10637,11300,10986,26,10
12079,"Florida","Madison",41650,38,138,74,65,64,"57",58,63,10993,13141,10155,28,13
12081,"Florida","Manatee",63328,379,50,81.3,13,18,"19",15,23,7791,11530,7996,20,8
12083,"Florida","Marion",48553,441,60,75.6,51,38,"60",23,46,11268,12090,12227,23,9
12085,"Florida","Martin",72736,167,41,81.8,5,7,"10",12,10,7049,7236,7716,18,7
12086,"Florida","Miami-Dade",59259,3655,100,81.6,6,37,"2",59,53,5443,10851,6219,26,8
12087,"Florida","Monroe",68584,40,34,81.5,4,20,"11",33,18,7199,9818,8211,19,6
12089,"Florida","Nassau",75123,67,48,77.6,25,6,"36",4,5,8898,14317,8841,17,8
12091,"Florida","Okaloosa",65977,200,79,77.4,17,8,"24",26,6,8213,10632,8331,18,8
12093,"Florida","Okeechobee",48028,55,86,75.9,48,61,"58",67,40,10993,9033,13223,29,7
12095,"Florida","Orange",69074,745,55,80.2,9,33,"5",32,50,6259,9150,6246,22,9
12097,"Florida","Osceola",63018,276,71,79.3,12,49,"7",51,64,6673,8165,8255,25,8
12099,"Florida","Palm Beach",68200,1572,55,82.2,8,11,"8",7,31,6802,8754,7279,20,9
12101,"Florida","Pasco",52332,352,37,77.4,31,21,"39",31,25,9158,9242,10320,21,8
12103,"Florida","Pinellas",61532,747,38,78.8,21,16,"29",14,22,8466,11972,8622,19,8
12105,"Florida","Polk",54591,718,66,78.1,32,41,"26",39,51,8243,11236,8637,24,9
12107,"Florida","Putnam",36527,71,60,73.1,66,67,"66",61,65,14058,20090,13715,27,11
12109,"Florida","St. Johns",94343,101,25,81.8,1,1,"1",2,1,5348,9919,5374,15,7
12111,"Florida","St. Lucie",59023,362,60,80,23,35,"18",40,38,7674,9614,8565,22,9
12113,"Florida","Santa Rosa",71583,130,58,77.3,15,5,"17",25,2,7653,7019,8201,18,8
12115,"Florida","Sarasota",66138,387,32,81.5,7,4,"16",3,9,7630,11021,7974,16,7
12117,"Florida","Seminole",71930,248,42,80.5,3,2,"4",17,7,6204,10135,6346,17,8
12119,"Florida","Sumter",60278,117,26,80.2,29,31,"37",8,62,9077,11509,9680,17,10
12121,"Florida","Suwannee",46264,71,97,75.6,46,51,"43",63,48,9705,10430,10112,24,9
12123,"Florida","Taylor",45527,31,98,74.3,59,62,"55",42,58,10935,11876,11579,28,10
12125,"Florida","Union",49313,58,299,67.2,67,47,"67",29,34,18116,15423,19719,26,10
12127,"Florida","Volusia",55463,402,41,76.6,36,28,"45",21,27,9828,11067,10907,21,9
12133,"Florida","Washington",44661,22,63,72.8,58,55,"59",62,44,11029,11093,11510,28,9
13001,"Georgia","Appling",44871,48,210,73.9,113,118,"108",152,79,11114,13686,11277,28,10
13005,"Georgia","Bacon",41756,25,200,72.5,139,123,"144",159,92,12650,15445,12715,27,10
13009,"Georgia","Baldwin",49350,45,78,74.4,91,95,"98",59,110,10744,12610,9932,24,11
13013,"Georgia","Barrow",64460,55,71,76.6,27,43,"35",101,26,8252,9392,8740,21,8
13015,"Georgia","Bartow",64980,119,101,75.4,45,46,"56",83,50,9339,10693,9748,22,8
13017,"Georgia","Ben Hill",39305,50,225,71,154,131,"156",106,130,13655,15544,13255,27,14
13019,"Georgia","Berrien",45094,30,123,73.9,117,116,"100",144,94,10796,12154,11247,26,12
13021,"Georgia","Bibb",44467,199,108,73,129,89,"135",5,128,12094,14520,9652,24,14
13023,"Georgia","Bleckley",51448,30,164,76.4,50,51,"47",28,64,8779,17287,6411,22,9
13027,"Georgia","Brooks",42973,28,135,73.8,95,92,"95",131,80,10563,13904,9734,25,11
13029,"Georgia","Bryan",81890,19,50,75.6,18,9,"44",14,8,8661,10627,8797,17,8
13031,"Georgia","Bulloch",48629,53,74,77.2,46,50,"29",65,49,8045,11283,6926,23,10
13033,"Georgia","Burke",44870,25,93,73,143,125,"146",95,140,12826,15138,11500,26,12
13035,"Georgia","Butts",52720,41,137,73.9,83,109,"84",46,137,10183,10077,10658,25,10
13039,"Georgia","Camden",67525,22,40,78.1,20,19,"28",43,16,8023,10099,7631,20,8
13043,"Georgia","Candler",42583,35,254,72.4,148,130,"143",156,102,12612,20133,10965,30,12
13045,"Georgia","Carroll",64554,126,102,74.9,55,63,"66",75,59,9678,12229,9628,22,8
13051,"Georgia","Chatham",56357,193,56,77.6,40,35,"42",19,69,8515,10677,7289,19,10
13057,"Georgia","Cherokee",90675,116,43,80.2,3,6,"3",22,5,5301,6743,5349,15,7
13059,"Georgia","Clarke",46693,50,45,79.1,24,33,"9",7,42,6647,10392,5793,22,10
13063,"Georgia","Clayton",49370,204,89,76,70,113,"54",112,148,9245,9390,16039,26,12
13065,"Georgia","Clinch",43088,13,153,71.5,153,149,"136",158,95,12115,17534,9501,34,12
13067,"Georgia","Cobb",81517,451,62,80.3,5,5,"6",9,10,5632,7055,5411,16,9
13069,"Georgia","Coffee",44520,94,205,73.5,108,129,"103",155,123,10957,12517,11353,27,11
13071,"Georgia","Colquitt",41673,55,103,73.4,119,132,"126",157,112,11709,15923,11390,29,10
13073,"Georgia","Columbia",87489,101,64,80.1,6,4,"7",4,4,5894,6426,6218,16,8
13075,"Georgia","Cook",35225,32,145,74.1,107,85,"91",104,67,10330,13750,9208,26,12
13077,"Georgia","Coweta",84121,95,60,78.4,11,13,"11",25,19,6892,10366,6538,18,9
13081,"Georgia","Crisp",36871,45,151,73.1,155,146,"152",107,153,12936,15360,12101,29,14
13087,"Georgia","Decatur",42996,39,116,73,118,127,"121",140,106,11425,14364,9262,25,12
13089,"Georgia","DeKalb",69545,479,63,79.9,14,30,"15",26,77,7302,9403,4522,19,10
13091,"Georgia","Dodge",42683,67,228,75,79,93,"81",87,96,10106,12903,9026,25,10
13093,"Georgia","Dooly",45112,20,95,76.7,136,144,"123",148,139,11503,12771,11950,27,15
13095,"Georgia","Dougherty",40793,173,167,72.8,150,120,"149",38,150,12864,13675,11615,27,14
13097,"Georgia","Douglas",65269,108,75,77.1,26,41,"21",70,56,7838,7604,9456,21,10
13099,"Georgia","Early",39697,35,236,71.8,157,136,"155",121,119,13191,14664,11990,29,16
13103,"Georgia","Effingham",77690,31,53,76.7,21,18,"33",45,15,8106,9521,7982,18,9
13105,"Georgia","Elbert",43553,27,87,73.7,109,126,"112",122,138,11208,14216,10491,26,10
13107,"Georgia","Emanuel",36243,47,181,72.8,94,151,"96",145,143,10564,11583,10431,27,10
13109,"Georgia","Evans",51018,11,78,74,120,114,"106",114,103,11074,12795,11296,29,11
13113,"Georgia","Fayette",98623,70,43,80.7,4,2,"5",2,3,5603,8283,4778,14,9
13115,"Georgia","Floyd",47423,107,85,74.2,69,60,"92",39,85,10411,13194,10566,23,9
13117,"Georgia","Forsyth",116690,71,31,82.3,1,3,"1",6,2,3833,4912,4460,13,7
13119,"Georgia","Franklin",47706,33,97,73.3,84,71,"114",127,68,11218,15408,11391,23,8
13121,"Georgia","Fulton",71504,687,67,79,12,12,"13",3,60,6956,11107,4002,17,11
13127,"Georgia","Glynn",59286,107,85,76.7,65,44,"69",71,71,9751,12047,9449,20,12
13129,"Georgia","Gordon",54915,61,89,74.9,58,64,"61",105,45,9550,14346,10515,24,8
13131,"Georgia","Grady",54601,38,112,76,68,67,"58",94,54,9508,13404,8600,26,9
13133,"Georgia","Greene",61857,23,86,78.3,53,54,"40",18,84,8428,12731,6279,23,11
13135,"Georgia","Gwinnett",73460,531,68,80.6,7,14,"4",44,20,5395,6298,5889,19,9
13139,"Georgia","Hall",67735,183,75,78.8,10,32,"10",84,40,6790,9655,7493,22,7
13145,"Georgia","Harris",81151,29,58,79.2,9,7,"17",8,6,7434,9969,7093,16,8
13147,"Georgia","Hart",52401,36,84,77.3,47,57,"26",86,41,7988,8776,8170,23,10
13151,"Georgia","Henry",69620,151,68,76.9,22,21,"23",17,32,7858,8602,7807,18,11
13153,"Georgia","Houston",69442,106,67,76.5,25,16,"34",35,18,8221,9944,7812,19,9
13155,"Georgia","Irwin",47492,18,136,73,147,83,"141",91,91,12428,16411,10735,26,14
13157,"Georgia","Jackson",70960,77,106,76.6,15,15,"24",30,17,7868,8889,8285,20,7
13161,"Georgia","Jeff Davis",44417,26,142,73.6,114,122,"97",133,98,10663,13778,11111,29,10
13163,"Georgia","Jefferson",40333,33,166,71.9,137,153,"131",141,144,11936,13727,10604,29,12
13165,"Georgia","Jenkins",38306,26,229,74.1,132,140,"85",124,129,10221,10326,11435,32,13
13167,"Georgia","Johnson",36358,24,162,74.1,122,108,"140",77,111,12246,11897,13050,28,10
13169,"Georgia","Jones",64812,18,46,77.9,32,17,"32",23,13,8080,7258,8443,21,8
13171,"Georgia","Lamar",55024,28,113,73.8,106,61,"118",53,63,11343,11657,11660,22,12
13175,"Georgia","Laurens",46690,103,161,73.1,133,82,"145",20,109,12656,15353,11099,26,11
13177,"Georgia","Lee",74640,32,107,75.4,33,8,"45",10,7,8752,10858,8562,18,9
13179,"Georgia","Liberty",49788,35,74,75.4,61,52,"73",34,33,10000,10551,11536,24,9
13185,"Georgia","Lowndes",48864,107,93,75.3,66,53,"62",61,58,9557,12566,8286,23,11
13189,"Georgia","McDuffie",48392,23,83,73.1,146,112,"153",62,121,12937,15143,12458,26,12
13191,"Georgia","McIntosh",48097,12,39,80.7,101,68,"115",40,89,11222,11543,11453,22,12
13195,"Georgia","Madison",50619,26,66,75.6,48,59,"49",120,39,8924,12134,9140,22,9
13199,"Georgia","Meriwether",45095,19,66,73.3,144,154,"151",134,152,12890,15340,11801,27,12
13205,"Georgia","Mitchell",38256,50,181,72.7,134,142,"129",79,145,11817,14027,10709,29,12
13207,"Georgia","Monroe",65599,43,102,76.6,59,29,"68",21,34,9705,13039,9268,19,11
13211,"Georgia","Morgan",68343,12,45,77.1,34,26,"57",29,27,9388,12136,9076,18,8
13215,"Georgia","Muscogee",44959,190,87,73.5,92,65,"113",13,113,11213,13586,9695,23,12
13217,"Georgia","Newton",62183,104,93,75.7,49,77,"51",67,72,8978,9093,9513,22,10
13223,"Georgia","Paulding",77755,106,78,78.5,8,23,"8",102,9,6438,5973,6908,19,8
13225,"Georgia","Peach",51531,36,108,73.3,104,88,"128",98,107,11795,13540,11071,24,10
13233,"Georgia","Polk",51040,46,90,73.3,85,98,"104",116,97,10968,17331,11188,25,9
13235,"Georgia","Pulaski",44019,22,112,79,63,87,"48",72,99,8847,13411,6023,24,10
13237,"Georgia","Putnam",56104,30,79,77.6,41,58,"39",41,78,8368,11074,8073,22,9
13245,"Georgia","Richmond",43942,236,112,73.2,124,102,"139",12,136,12200,12689,12956,25,12
13247,"Georgia","Rockdale",61332,71,72,76.7,43,47,"43",49,70,8609,8338,10941,22,11
13251,"Georgia","Screven",44061,17,89,74,110,134,"101",113,131,10920,12239,10151,25,12
13253,"Georgia","Seminole",41778,14,99,73.5,128,94,"125",110,90,11612,16037,9779,24,14
13255,"Georgia","Spalding",51019,94,107,74.1,111,103,"102",52,124,10926,12257,11110,24,13
13257,"Georgia","Stephens",46626,42,113,72.7,81,56,"116",51,87,11241,13824,11437,21,10
13261,"Georgia","Sumter",42653,69,180,73.5,123,106,"109",27,133,11142,14196,7729,27,13
13267,"Georgia","Tattnall",45191,34,113,75.9,62,104,"37",147,76,8347,9432,9140,28,10
13269,"Georgia","Taylor",38783,17,128,75.6,97,133,"60",78,135,9541,9116,9776,29,10
13271,"Georgia","Telfair",38161,33,149,76.9,125,157,"99",118,158,10746,14598,11122,32,13
13275,"Georgia","Thomas",57969,76,127,74.7,74,45,"72",16,43,9990,14311,7524,22,11
13277,"Georgia","Tift",45093,69,148,73.7,93,62,"94",54,61,10424,15569,8350,25,12
13279,"Georgia","Toombs",42165,47,135,73.3,115,105,"117",96,116,11330,12829,11464,26,12
13285,"Georgia","Troup",51799,100,122,74.4,86,97,"90",115,100,10327,11714,9936,24,11
13287,"Georgia","Turner",46042,25,226,72.4,138,147,"119",63,147,11347,16008,9295,28,13
13289,"Georgia","Twiggs",46444,19,172,71.4,151,117,"158",89,127,14942,12824,17667,26,11
13293,"Georgia","Upson",48233,55,150,71.2,140,96,"150",82,86,12867,11654,13891,25,12
13295,"Georgia","Walker",49388,63,61,74.8,75,48,"93",60,38,10412,12590,10354,21,10
13297,"Georgia","Walton",71390,91,80,76.2,37,40,"41",55,29,8509,10688,8250,20,9
13299,"Georgia","Ware",39994,72,149,72.4,127,107,"132",81,114,11958,13338,11661,27,11
13303,"Georgia","Washington",43309,53,199,74.5,80,101,"71",68,108,9949,11203,8974,27,10
13305,"Georgia","Wayne",48885,40,108,73.3,99,99,"110",123,93,11175,14875,10635,25,10
13313,"Georgia","Whitfield",56249,138,120,77.2,35,81,"20",128,105,7722,13859,9936,27,8
13315,"Georgia","Wilcox",40856,25,212,75.2,103,124,"88",125,117,10254,13239,8937,27,12
13317,"Georgia","Wilkes",42071,11,58,75.2,87,115,"80",137,122,10023,10605,10491,27,10
13319,"Georgia","Wilkinson",44068,13,109,73.2,145,90,"147",56,81,12854,10621,14988,26,13
13321,"Georgia","Worth",47907,40,134,74.2,116,78,"107",97,82,11107,14324,9980,24,13
15003,"Hawaii","Honolulu",89584,275,20,82.4,2,1,"1",1,1,5725,6122,5319,17,8
16001,"Idaho","Ada",73324,315,59,80.8,2,1,"4",1,4,4887,6605,5003,14,7
17001,"Illinois","Adams",57434,71,63,77.8,44,13,"46",13,17,7530,14974,7343,17,8
17019,"Illinois","Champaign",64387,66,32,80.1,22,15,"16",25,24,6390,13753,5645,17,8
17031,"Illinois","Cook",71611,7636,125,78.6,41,66,"43",91,97,7508,14799,5287,19,9
17037,"Illinois","DeKalb",68546,56,54,78.7,23,28,"27",42,40,6670,12897,6451,18,7
17043,"Illinois","DuPage",92101,821,72,81.9,1,1,"3",1,5,4528,8112,4808,14,7
17077,"Illinois","Jackson",45608,68,95,77.3,87,77,"77",30,75,8964,13353,8675,20,9
17081,"Illinois","Jefferson",58114,65,114,75.3,91,84,"87",39,91,9447,16372,8897,20,10
17089,"Illinois","Kane",83784,513,88,81,7,40,"10",84,64,5306,11186,5236,18,7
17091,"Illinois","Kankakee",57413,124,87,76.6,74,78,"74",52,82,8664,16057,7318,19,9
17093,"Illinois","Kendall",97263,74,70,81.2,2,6,"1",21,7,4382,7534,4251,15,7
17095,"Illinois","Knox",52881,106,122,76.3,67,79,"58",22,81,7998,9610,7978,20,8
17097,"Illinois","Lake",100325,699,86,81,5,5,"5",12,21,5097,12035,4907,16,8
17099,"Illinois","LaSalle",62714,180,102,76.5,54,70,"68",24,76,8393,10415,8889,19,8
17113,"Illinois","McLean",71919,110,60,79.4,15,7,"14",3,9,6280,12116,6007,15,8
17115,"Illinois","Macon",57601,142,85,76.3,90,82,"86",18,80,9414,14605,8006,19,10
17119,"Illinois","Madison",63903,294,80,76.3,60,55,"73",36,39,8623,14866,8174,17,9
17143,"Illinois","Peoria",53506,146,62,76.8,81,65,"79",5,88,9002,16832,7424,18,10
17161,"Illinois","Rock Island",58022,192,89,77.4,42,67,"45",28,85,7527,12160,7222,18,8
17163,"Illinois","St. Clair",61863,324,98,75.6,92,86,"93",67,86,10086,16100,7714,19,10
17167,"Illinois","Sangamon",60541,190,70,77.7,66,31,"52",9,66,7883,13470,7248,17,11
17177,"Illinois","Stephenson",57952,64,76,77.8,72,61,"62",35,62,8224,14066,7700,18,9
17183,"Illinois","Vermilion",49678,84,74,74.6,100,100,"96",92,99,10716,18167,9568,21,11
17197,"Illinois","Will",90349,644,89,79.2,10,16,"13",57,44,6107,9698,6152,16,8
17199,"Illinois","Williamson",59174,76,79,77.3,50,58,"39",55,63,7379,11023,7286,18,9
17201,"Illinois","Winnebago",54971,323,83,76.2,88,95,"89",46,100,9701,16258,9118,20,9
18003,"Indiana","Allen",61039,428,101,76.6,46,48,"43",26,60,8471,14759,7649,19,9
18019,"Indiana","Clark",65555,129,91,74.9,65,33,"73",53,48,10022,11705,10428,20,8
18035,"Indiana","Delaware",46612,120,78,74.2,86,65,"82",27,75,10902,15492,10839,22,9
18039,"Indiana","Elkhart",66801,331,135,78.1,27,44,"20",62,72,7319,12968,7326,22,7
18043,"Indiana","Floyd",70610,87,89,75.3,50,23,"63",10,50,9458,15714,9373,18,8
18053,"Indiana","Grant",49788,120,120,73.2,89,71,"89",54,73,12289,18803,12086,23,10
18057,"Indiana","Hamilton",96359,274,84,81.6,1,1,"1",1,1,4212,6185,4306,12,7
18063,"Indiana","Hendricks",86905,189,105,79.2,2,3,"2",7,3,5571,4825,5865,15,6
18067,"Indiana","Howard",59309,137,109,74.1,79,74,"83",29,86,11097,15270,11117,20,9
18081,"Indiana","Johnson",76868,223,124,77.7,6,7,"12",8,8,6664,8281,6898,17,7
18089,"Indiana","Lake",59158,627,98,75.7,64,90,"68",75,92,9809,14822,8796,23,9
18091,"Indiana","LaPorte",63999,130,91,75.4,72,83,"69",68,84,9809,12470,9839,22,9
18095,"Indiana","Madison",51718,227,125,75.1,75,81,"71",50,76,9852,14331,9739,22,9
18097,"Indiana","Marion",56185,1267,132,75,82,79,"81",30,87,10673,14021,9962,22,9
18105,"Indiana","Monroe",61808,113,73,79.5,11,9,"10",5,21,6485,10217,6760,18,7
18127,"Indiana","Porter",78732,180,85,77.9,9,15,"19",31,29,6927,8967,7057,17,7
18141,"Indiana","St. Joseph",60070,372,108,76.3,51,60,"44",12,74,8578,15413,7818,20,9
18157,"Indiana","Tippecanoe",52806,83,46,79.4,12,14,"8",18,28,6367,12130,6621,19,8
18163,"Indiana","Vanderburgh",49482,247,100,75.5,71,56,"65",16,63,9536,14073,9101,21,9
18167,"Indiana","Vigo",45897,138,103,75.4,69,85,"58",67,83,9218,10463,9484,21,9
18177,"Indiana","Wayne",49798,131,133,72.9,87,77,"90",52,79,12520,20084,12392,22,9
19013,"Iowa","Black Hawk",56091,239,143,77.6,78,72,"68",6,85,7435,14182,6713,16,7
19057,"Iowa","Des Moines",55153,42,67,77.6,88,99,"76",52,99,7725,12742,7528,16,7
19061,"Iowa","Dubuque",65986,151,106,80.1,18,50,"21",77,54,5644,9370,5440,13,6
19103,"Iowa","Johnson",68790,53,37,82.6,6,5,"6",1,31,4643,8514,4711,13,7
19113,"Iowa","Linn",69559,266,92,79.6,30,25,"43",17,57,6367,12879,5969,13,7
19153,"Iowa","Polk",67821,437,85,78.4,45,54,"52",11,78,6860,13166,6537,15,7
19163,"Iowa","Scott",67038,178,81,78.6,53,68,"47",25,92,6664,12873,6337,14,8
19193,"Iowa","Woodbury",60553,175,150,76.3,83,85,"84",72,84,8278,10711,8212,17,7
20045,"Kansas","Douglas",65149,53,46,80.4,8,2,"5",2,41,5280,9139,5212,15,7
20061,"Kansas","Geary",50102,26,116,74.4,85,84,"99",25,83,10650,13280,10348,19,7
20091,"Kansas","Johnson",91799,479,68,81.4,1,1,"1",1,2,4541,7411,4513,12,6
20103,"Kansas","Leavenworth",76429,63,66,78.4,13,45,"16",14,57,6919,8905,6994,16,7
20161,"Kansas","Riley",56333,22,36,80.5,9,7,"2",5,60,5013,8809,4833,17,6
20173,"Kansas","Sedgwick",59789,497,84,76.5,70,79,"76",10,102,8909,14743,8360,20,8
20177,"Kansas","Shawnee",56191,239,97,76.3,54,56,"77",3,77,9104,17300,7962,18,7
20209,"Kansas","Wyandotte",52223,213,130,74.7,102,104,"98",90,104,10612,15777,9915,25,9
21009,"Kentucky","Barren",45298,45,73,75.3,36,66,"20",30,76,8953,13714,8799,26,8
21015,"Kentucky","Boone",82393,91,67,78.9,2,2,"2",5,3,6763,7578,6907,17,7
21047,"Kentucky","Christian",46950,72,102,73.8,66,60,"77",35,59,11174,16215,10099,25,9
21059,"Kentucky","Daviess",54948,92,69,76.5,17,23,"16",14,14,8633,9843,8724,21,8
21067,"Kentucky","Fayette",60215,142,41,78.1,6,5,"5",3,15,7678,11096,7445,19,9
21073,"Kentucky","Franklin",59911,40,61,75.6,30,18,"37",50,23,9571,7401,10408,20,10
21093,"Kentucky","Hardin",56557,84,68,76,18,12,"34",15,18,9280,10648,9344,21,8
21101,"Kentucky","Henderson",54701,60,100,75.4,62,43,"21",28,42,8991,8919,9186,23,11
21107,"Kentucky","Hopkins",47631,95,154,74.2,51,33,"51",9,53,9988,11416,9862,24,9
21111,"Kentucky","Jefferson",62067,753,78,75.2,32,26,"64",6,61,10470,14825,9684,20,9
21113,"Kentucky","Jessamine",67610,49,75,77.2,27,13,"23",16,12,9014,16815,8840,21,9
21117,"Kentucky","Kenton",66015,109,60,76.4,14,8,"28",4,13,9092,15467,8910,18,9
21145,"Kentucky","McCracken",50650,76,75,75.6,33,22,"50",2,39,9982,15156,9595,21,9
21151,"Kentucky","Madison",55336,63,67,75.6,29,21,"39",20,22,9619,12687,9707,21,9
21211,"Kentucky","Shelby",75600,39,68,77.6,9,9,"7",46,9,8052,10710,8289,21,8
21227,"Kentucky","Warren",56552,95,71,76.7,15,15,"8",36,34,8126,12382,7904,21,9
22001,"Louisiana","Acadia",45183,134,179,73.6,33,38,"37",19,39,11120,17404,10023,26,9
22003,"Louisiana","Allen",49671,53,177,73.8,22,36,"32",56,35,10835,11705,10801,23,9
22005,"Louisiana","Ascension",88680,116,100,78.6,2,2,"2",2,3,7474,9971,6908,19,9
22007,"Louisiana","Assumption",52046,24,77,76.5,38,46,"27",30,56,10590,16413,8674,26,11
22009,"Louisiana","Avoyelles",40448,71,143,72.9,50,52,"52",35,47,12333,14884,11395,28,12
22011,"Louisiana","Beauregard",53708,54,118,75.2,14,15,"15",50,4,9271,15604,8313,22,9
22013,"Louisiana","Bienville",39695,44,212,70.9,64,51,"63",46,38,15415,17601,14165,29,14
22015,"Louisiana","Bossier",53225,169,115,77.1,6,6,"5",17,5,8037,10915,7270,21,11
22017,"Louisiana","Caddo",43216,463,146,73.6,48,22,"50",7,30,12085,15597,8456,24,14
22019,"Louisiana","Calcasieu",57252,269,117,74.4,21,14,"28",6,23,10624,14230,9548,22,10
22025,"Louisiana","Catahoula",39222,22,182,74.6,26,49,"19",55,40,9630,9890,9204,26,11
22027,"Louisiana","Claiborne",37407,40,183,74.9,51,59,"24",54,45,10400,10878,10390,32,16
22029,"Louisiana","Concordia",37546,43,176,71.9,58,56,"60",38,55,13948,18892,10737,29,13
22031,"Louisiana","De Soto",43733,53,133,75.3,32,33,"23",42,26,10224,14359,7929,25,12
22033,"Louisiana","East Baton Rouge",57099,523,107,75.1,20,8,"34",8,14,10857,14269,8282,19,12
22037,"Louisiana","East Feliciana",52158,67,280,72.4,45,28,"49",20,32,12075,12859,11588,25,11
22039,"Louisiana","Evangeline",38415,57,145,72.3,53,55,"53",41,50,12473,17326,11276,30,11
22041,"Louisiana","Franklin",42706,55,211,73.1,52,60,"42",62,48,11371,14630,9789,29,14
22043,"Louisiana","Grant",56380,38,153,75.1,16,30,"8",45,19,8797,11866,8820,25,10
22045,"Louisiana","Iberia",50449,81,104,73.6,43,40,"43",31,44,11396,16570,9411,26,11
22047,"Louisiana","Iberville",36990,56,142,74.6,39,45,"33",15,58,10854,12587,9578,26,12
22049,"Louisiana","Jackson",41940,17,71,74.7,41,29,"40",36,16,11251,14759,10250,26,11
22051,"Louisiana","Jefferson",58586,592,105,76.7,9,13,"13",25,29,9147,12647,8744,21,10
22053,"Louisiana","Jefferson Davis",47924,56,140,73.1,36,24,"48",26,24,11620,15514,10983,24,10
22055,"Louisiana","Lafayette",59362,134,50,77.8,4,5,"4",1,9,7991,11570,6950,20,9
22057,"Louisiana","Lafourche",56743,132,110,76.7,13,17,"10",32,18,8820,15477,7582,23,9
22061,"Louisiana","Lincoln",44728,68,134,76,18,11,"14",22,6,9264,12449,7653,23,11
22063,"Louisiana","Livingston",61680,119,84,76.2,7,10,"12",21,8,9057,11368,9110,20,8
22065,"Louisiana","Madison",33841,18,155,72,62,63,"58",40,62,13285,15888,8758,34,16
22067,"Louisiana","Morehouse",36290,44,124,70.5,61,57,"62",33,59,14519,17454,11575,29,15
22069,"Louisiana","Natchitoches",44720,51,107,74.4,47,34,"36",24,27,11050,13715,9254,27,12
22071,"Louisiana","Orleans",51704,548,122,75.9,29,23,"35",10,60,11015,14103,6759,23,12
22073,"Louisiana","Ouachita",45251,274,155,73.6,44,19,"44",11,34,11422,15476,9064,25,12
22075,"Louisiana","Plaquemines",55861,20,79,76.7,10,12,"11",34,11,9002,11522,9211,22,9
22077,"Louisiana","Pointe Coupee",49583,45,141,75.3,27,44,"25",23,43,10402,13529,9312,25,10
22079,"Louisiana","Rapides",45130,211,131,73.2,46,16,"51",12,17,12102,17238,10264,24,11
22081,"Louisiana","Red River",42135,27,228,72.7,54,58,"56",57,51,12988,15371,12551,28,12
22083,"Louisiana","Richland",43794,45,184,73.8,55,50,"46",52,46,11500,16057,9116,29,14
22085,"Louisiana","Sabine",38833,48,140,74.7,31,32,"45",61,13,11430,18497,11324,24,9
22087,"Louisiana","St. Bernard",50790,42,93,74.8,40,42,"47",49,53,11603,13414,11679,26,10
22089,"Louisiana","St. Charles",69889,57,109,76.4,5,3,"7",5,7,8606,12114,7228,19,10
22093,"Louisiana","St. James",58309,38,135,76.2,25,20,"22",14,33,10195,13249,7181,24,12
22095,"Louisiana","St. John the Baptist",56697,91,195,73.8,34,27,"38",16,41,11190,12722,10549,24,12
22097,"Louisiana","St. Landry",39153,168,168,71.6,57,47,"59",18,54,13771,17711,11216,28,11
22099,"Louisiana","St. Martin",48524,82,131,75.2,19,31,"18",27,28,9617,12159,8839,25,10
22101,"Louisiana","St. Mary",47236,87,146,74,37,41,"41",28,42,11357,16406,9419,26,10
22103,"Louisiana","St. Tammany",67462,259,78,77.8,1,1,"3",4,2,7716,9801,7693,18,9
22105,"Louisiana","Tangipahoa",47272,155,105,74.6,28,39,"30",48,49,10669,14352,9452,24,10
22109,"Louisiana","Terrebonne",55402,117,96,75.1,23,26,"21",43,25,10113,16568,8763,25,10
22111,"Louisiana","Union",42342,52,158,74.5,24,37,"26",44,36,10569,16841,8854,24,10
22113,"Louisiana","Vermilion",52709,65,88,76.1,15,18,"6",29,22,8479,11348,8244,23,10
22115,"Louisiana","Vernon",55124,63,138,74.2,11,21,"17",51,10,9483,13021,9634,23,7
22117,"Louisiana","Washington",38604,79,127,71,60,53,"64",47,57,15432,15650,15800,28,12
22119,"Louisiana","Webster",41747,77,135,72.9,56,43,"54",39,21,12533,14567,11802,28,12
22121,"Louisiana","West Baton Rouge",62919,40,131,77.1,12,7,"9",9,15,8814,12036,6947,21,11
22125,"Louisiana","West Feliciana",58499,26,131,77.9,8,9,"20",3,20,9690,9611,10196,21,9
22127,"Louisiana","Winn",42991,29,154,73.8,35,35,"31",37,31,10685,9558,11878,25,11
23001,"Maine","Androscoggin",57723,23,17,76.8,12,11,"12",7,10,8133,14020,7831,18,8
23005,"Maine","Cumberland",75455,106,25,80.2,1,1,"1",1,2,5665,7579,5636,13,7
24001,"Maryland","Allegany",53023,161,143,75.5,21,19,"21",14,19,9538,10598,10018,19,9
24003,"Maryland","Anne Arundel",105979,356,54,79.1,7,7,"8",8,5,6937,8060,7135,14,8
24005,"Maryland","Baltimore",79974,889,77,77.5,14,11,"16",12,12,8371,10202,8062,16,9
24009,"Maryland","Calvert",111665,52,46,79.4,5,6,"5",10,2,6531,8107,6555,14,7
24011,"Maryland","Caroline",60617,15,37,76.2,17,20,"19",23,17,9003,12404,8625,20,8
24013,"Maryland","Carroll",104817,178,77,78.5,4,3,"6",5,3,6604,10177,6777,13,6
24015,"Maryland","Cecil",84248,93,76,75.1,18,15,"23",16,13,10405,12701,10570,16,8
24017,"Maryland","Charles",102681,153,93,77.8,13,13,"13",20,10,7786,8296,8348,17,9
24019,"Maryland","Dorchester",54846,27,49,75.6,23,22,"22",11,22,10398,16580,8612,19,10
24021,"Maryland","Frederick",99254,189,62,80.2,3,4,"3",6,4,5885,7824,6026,14,7
24025,"Maryland","Harford",102537,158,50,78.5,10,5,"10",4,7,7005,9213,6923,14,7
24027,"Maryland","Howard",124042,178,51,82.7,2,1,"2",1,1,4342,7248,3913,11,8
24031,"Maryland","Montgomery",115394,1118,82,84,1,2,"1",3,8,4304,6321,4152,13,7
24033,"Maryland","Prince George's",85246,1249,128,78.5,12,17,"11",24,18,7484,8538,6748,17,9
24037,"Maryland","St. Mary's",105197,88,78,78.3,8,10,"9",21,9,6954,10594,6654,15,7
24039,"Maryland","Somerset",51787,17,56,75.8,22,23,"17",19,23,8834,8322,10651,25,10
24043,"Maryland","Washington",63237,143,70,75.9,20,16,"20",17,16,9490,12197,9633,18,9
24045,"Maryland","Wicomico",59387,83,69,76.1,19,21,"18",15,20,8924,10903,8543,20,9
24047,"Maryland","Worcester",62481,53,52,79.9,9,18,"7",9,21,6632,9282,6466,16,7
24510,"Maryland","Baltimore City",51485,683,104,71.8,24,24,"24",22,24,14845,17967,10524,22,12
25001,"Massachusetts","Barnstable",76287,197,39,79.5,9,5,"11",4,9,7219,8563,7308,13,7
25003,"Massachusetts","Berkshire",65458,121,50,78,13,11,"14",5,10,8489,16348,8515,15,8
25005,"Massachusetts","Bristol",71998,777,98,78.3,12,13,"12",11,12,7362,7001,7362,17,8
25009,"Massachusetts","Essex",88269,1242,114,79.9,6,10,"7",9,11,5856,6691,6041,15,8
25013,"Massachusetts","Hampden",61600,751,116,77.4,14,14,"13",12,14,8239,12048,7724,20,8
25017,"Massachusetts","Middlesex",111158,2117,103,81.9,2,1,"1",3,1,4226,5897,4431,12,7
25021,"Massachusetts","Norfolk",106348,926,91,81.5,3,2,"3",1,2,4605,6029,4995,11,7
25023,"Massachusetts","Plymouth",88420,741,101,79.4,7,8,"8",8,7,6245,6540,6302,14,7
25025,"Massachusetts","Suffolk",85221,1089,137,80.9,10,12,"4",10,13,5585,8545,5130,19,8
25027,"Massachusetts","Worcester",77931,1135,108,79.1,11,9,"9",6,8,6474,6979,6523,16,7
26017,"Michigan","Bay",55860,148,88,76.4,52,37,"56",63,43,8521,12929,8303,19,7
26021,"Michigan","Berrien",56346,170,72,77.5,45,38,"48",24,53,8036,14900,6892,19,8
26025,"Michigan","Calhoun",52310,158,88,75.2,69,69,"73",22,69,9531,13094,9231,19,9
26045,"Michigan","Eaton",67658,80,52,78.5,13,13,"17",19,6,6639,7686,6467,16,7
26049,"Michigan","Genesee",48721,497,91,74.8,80,77,"78",28,78,10547,16522,8911,20,10
26065,"Michigan","Ingham",62711,157,52,77.6,38,19,"46",21,22,8018,14485,7141,18,8
26075,"Michigan","Jackson",57267,175,80,76.5,58,55,"58",29,48,8567,12987,8098,19,9
26077,"Michigan","Kalamazoo",63279,185,58,78.6,20,17,"19",11,17,6809,12104,6080,16,8
26081,"Michigan","Kent",65012,442,62,79.4,12,12,"12",14,16,6069,12273,5352,16,8
26091,"Michigan","Lenawee",58849,75,54,77.7,24,29,"23",32,23,6949,8260,6944,18,7
26099,"Michigan","Macomb",64870,1407,120,77.4,36,46,"36",56,57,7701,11951,7247,17,9
26115,"Michigan","Monroe",69182,123,60,77.4,37,32,"51",45,27,8217,11823,8241,17,8
26121,"Michigan","Muskegon",58445,247,109,76.2,70,68,"64",17,65,8872,14672,7626,20,10
26125,"Michigan","Oakland",82849,1401,84,79.9,6,3,"7",8,11,5727,9605,5411,14,8
26139,"Michigan","Ottawa",77465,221,64,81.3,2,2,"2",7,2,4511,9130,4307,15,6
26145,"Michigan","Saginaw",51893,328,116,76.1,71,59,"70",16,67,9342,16253,7236,20,10
26147,"Michigan","St. Clair",59138,154,68,76.3,56,61,"65",66,64,8948,15954,8786,18,7
26159,"Michigan","Van Buren",56526,90,92,77.5,31,53,"31",64,52,7351,11470,7184,20,7
26161,"Michigan","Washtenaw",77019,179,45,80.9,5,1,"5",1,3,5265,9892,4903,13,8
26163,"Michigan","Wayne",51777,3079,144,74.3,83,83,"82",76,83,11305,16532,8167,22,11
27003,"Minnesota","Anoka",84779,331,87,81,15,20,"25",36,30,5460,7413,5311,13,6
27037,"Minnesota","Dakota",90562,285,59,81.8,6,7,"7",12,18,4540,6584,4430,12,7
27053,"Minnesota","Hennepin",81772,1286,89,80.6,23,11,"28",7,63,5541,11164,4511,13,7
27109,"Minnesota","Olmsted",82683,57,27,82.1,5,2,"14",1,14,4895,9950,4666,12,6
27123,"Minnesota","Ramsey",66123,630,99,79.3,54,55,"43",20,79,6247,10956,5207,15,8
27137,"Minnesota","St. Louis",57972,220,71,78.4,72,61,"71",41,65,7266,14666,6887,15,7
27139,"Minnesota","Scott",99924,64,50,82.4,2,5,"2",25,7,3893,5577,3750,12,6
27145,"Minnesota","Stearns",66317,185,92,81.1,41,51,"37",17,53,5674,8490,5357,15,6
27163,"Minnesota","Washington",101409,172,56,81.9,4,3,"6",4,3,4526,4990,4632,11,6
28001,"Mississippi","Adams",36519,61,139,72.5,52,64,"54",19,72,12891,16493,11635,31,13
28003,"Mississippi","Alcorn",46368,41,78,73.5,26,19,"27",22,22,11689,14093,11557,24,11
28005,"Mississippi","Amite",42649,23,110,75.9,25,48,"20",67,50,10788,13279,9460,27,11
28007,"Mississippi","Attala",40985,33,133,73.7,42,42,"19",12,55,10713,14371,8104,28,14
28009,"Mississippi","Benton",38972,18,151,73.4,32,58,"32",72,61,11959,12322,12493,27,11
28011,"Mississippi","Bolivar",36034,87,240,69.7,67,59,"68",70,57,15459,18305,10435,31,14
28013,"Mississippi","Calhoun",42107,19,93,73.1,53,44,"59",57,40,13104,14625,12323,27,12
28015,"Mississippi","Carroll",46814,20,121,75,47,29,"60",38,26,13253,14040,13095,25,12
28017,"Mississippi","Chickasaw",40471,34,142,73,59,56,"58",29,65,13035,15313,12150,29,13
28019,"Mississippi","Choctaw",43449,10,75,73.6,34,22,"45",35,17,12378,16984,10660,25,12
28023,"Mississippi","Clarke",38314,45,206,73.1,38,41,"41",58,41,12323,16791,9696,24,13
28025,"Mississippi","Clay",36536,29,101,75.7,27,45,"8",30,58,9299,10266,8076,28,15
28027,"Mississippi","Coahoma",30047,58,222,68.6,81,73,"80",39,74,17894,20084,9951,32,17
28029,"Mississippi","Copiah",41476,42,115,74,50,37,"39",28,38,12073,14261,10290,27,15
28031,"Mississippi","Covington",42221,50,219,70.6,63,53,"63",48,45,14299,16656,13226,27,12
28033,"Mississippi","DeSoto",66532,152,82,76.5,5,5,"6",11,4,8587,9016,8765,19,9
28035,"Mississippi","Forrest",42082,92,114,72.9,31,12,"43",7,16,12349,16709,9910,24,12
28037,"Mississippi","Franklin",41548,14,121,74.4,15,24,"13",32,32,9878,13047,8338,25,11
28041,"Mississippi","Greene",46493,22,130,75.9,6,43,"5",64,52,8155,7838,8501,24,7
28043,"Mississippi","Grenada",42577,48,182,69.2,65,15,"74",17,35,16840,21550,13149,25,12
28045,"Mississippi","Hancock",55710,54,74,77,7,9,"7",31,15,9096,9785,9358,21,8
28047,"Mississippi","Harrison",47505,145,59,74.6,9,14,"14",34,20,10194,12430,9811,22,10
28049,"Mississippi","Hinds",44671,268,101,73.7,40,25,"50",9,53,12588,13621,9521,24,15
28059,"Mississippi","Jackson",55831,142,81,74.8,8,10,"16",18,11,10503,13195,10602,21,10
28061,"Mississippi","Jasper",42806,22,93,73.2,57,49,"62",62,42,13755,15517,11685,27,13
28067,"Mississippi","Jones",49115,86,98,74,22,18,"26",46,10,11520,12695,11188,25,11
28071,"Mississippi","Lafayette",55786,56,107,77.8,2,3,"1",6,2,7227,10701,6032,19,8
28073,"Mississippi","Lamar",62527,53,74,79.2,4,4,"2",2,5,7274,7898,7288,19,10
28075,"Mississippi","Lauderdale",44821,151,155,73.1,39,16,"42",8,30,12345,14343,10925,24,13
28077,"Mississippi","Lawrence",36272,17,101,72.2,37,38,"51",60,31,12635,12477,12851,25,12
28079,"Mississippi","Leake",43614,62,221,74.6,29,63,"22",80,48,10942,10818,9128,29,10
28081,"Mississippi","Lee",57936,116,120,74.1,14,7,"17",3,7,10547,13250,9422,21,12
28083,"Mississippi","Leflore",34818,91,289,68.1,78,68,"78",14,68,17605,19041,14135,33,15
28085,"Mississippi","Lincoln",44695,74,170,73.2,21,11,"25",16,9,11418,14375,10377,25,11
28087,"Mississippi","Lowndes",47860,88,127,73.3,20,8,"36",4,27,12044,14263,10520,23,12
28089,"Mississippi","Madison",67151,121,115,76.1,1,1,"3",1,3,7384,10530,5381,16,10
28091,"Mississippi","Marion",38727,66,191,72.7,46,51,"46",77,36,12417,13201,12222,28,11
28093,"Mississippi","Marshall",46117,46,95,72.2,55,47,"64",59,59,14341,14277,15394,26,12
28095,"Mississippi","Monroe",49114,76,148,73.4,43,30,"33",21,37,11976,14252,10901,24,14
28097,"Mississippi","Montgomery",40300,35,219,69.9,66,39,"72",15,56,16416,19004,15363,27,13
28099,"Mississippi","Neshoba",49215,121,380,68.4,68,65,"81",82,51,17989,16734,12673,28,9
28101,"Mississippi","Newton",49925,39,151,72.6,48,34,"52",53,18,12641,14864,10201,26,13
28105,"Mississippi","Oktibbeha",44234,73,167,76.5,11,6,"10",10,6,9463,13176,6874,22,12
28107,"Mississippi","Panola",41060,67,168,73.3,36,62,"28",47,63,11699,12899,10470,27,12
28109,"Mississippi","Pearl River",50611,84,107,73,18,17,"38",40,12,12071,17669,11552,22,10
28111,"Mississippi","Perry",47073,25,146,73.4,23,50,"29",78,39,11752,18951,9821,26,8
28113,"Mississippi","Pike",37054,59,116,71.6,60,55,"61",36,60,13307,15028,11396,29,13
28115,"Mississippi","Pontotoc",53272,38,100,75.2,13,28,"12",49,24,9760,10088,9951,25,10
28117,"Mississippi","Prentiss",44543,45,123,73,51,33,"44",26,23,12378,13812,12120,26,12
28121,"Mississippi","Rankin",68583,140,74,78.2,3,2,"4",5,1,7772,8736,7768,18,9
28123,"Mississippi","Scott",42069,43,134,73.3,58,66,"47",81,47,12437,14005,12694,31,14
28127,"Mississippi","Simpson",41988,58,157,73.7,28,35,"31",66,29,11867,13770,11161,25,11
28129,"Mississippi","Smith",48968,16,73,75.6,33,46,"34",63,33,11983,16862,10744,25,11
28131,"Mississippi","Stone",51493,14,79,74.3,17,36,"15",61,28,10302,12876,9676,24,11
28133,"Mississippi","Sunflower",35149,55,198,68.5,74,75,"76",56,71,17116,19197,11599,32,14
28135,"Mississippi","Tallahatchie",35150,31,184,72.6,64,67,"57",54,66,13032,15726,10839,33,14
28137,"Mississippi","Tate",61751,55,156,73.1,19,20,"37",33,8,12069,13837,10637,24,10
28139,"Mississippi","Tippah",45568,43,161,73.4,24,26,"18",65,19,10663,13705,10376,26,11
28145,"Mississippi","Union",50116,40,108,75.3,10,21,"11",27,21,9476,11697,9406,24,10
28147,"Mississippi","Walthall",30992,33,151,73,54,61,"55",51,62,12927,16995,9868,29,12
28149,"Mississippi","Warren",48283,87,157,73.2,44,32,"56",13,44,12987,15280,11107,24,13
28151,"Mississippi","Washington",35344,97,198,68.7,77,69,"77",20,67,17491,19436,12525,31,14
28153,"Mississippi","Wayne",36193,29,119,74.8,35,52,"23",73,54,11120,15081,8682,26,14
28159,"Mississippi","Winston",44029,49,182,73.3,45,40,"35",25,43,12037,13903,10184,27,13
28161,"Mississippi","Yalobusha",42532,25,145,70.3,62,54,"67",75,46,15302,11048,18891,25,11
28163,"Mississippi","Yazoo",37367,38,122,73,49,70,"30",37,69,11833,14293,10283,32,14
29019,"Missouri","Boone",62673,83,46,79,10,3,"14",2,4,6784,13677,6328,17,8
29021,"Missouri","Buchanan",53133,105,93,75.8,62,50,"54",20,53,9099,12100,9215,22,9
29023,"Missouri","Butler",42099,53,85,72.7,108,97,"108",60,97,12342,23287,11867,25,11
29031,"Missouri","Cape Girardeau",57763,113,103,76.1,46,10,"52",6,20,8972,17186,8239,18,9
29037,"Missouri","Cass",82068,69,48,78.3,13,12,"18",22,11,7263,8521,7351,18,7
29047,"Missouri","Clay",74950,209,76,79.1,3,7,"5",9,14,6374,8860,6201,16,7
29051,"Missouri","Cole",63486,125,121,77.8,14,4,"24",4,5,7843,12134,7168,17,8
29069,"Missouri","Dunklin",42512,55,133,70.9,114,113,"113",93,111,14031,21674,13660,28,13
29077,"Missouri","Greene",46934,359,92,76.7,35,11,"51",7,31,8904,16462,8861,19,8
29095,"Missouri","Jackson",56398,518,61,76.6,53,54,"66",13,79,9377,14932,7703,20,9
29097,"Missouri","Jasper",51329,175,115,75.5,51,48,"67",32,58,9403,16891,9510,22,7
29099,"Missouri","Jefferson",67191,200,78,75.6,47,27,"75",40,37,9567,13393,9700,18,8
29133,"Missouri","Mississippi",39621,24,139,72.3,112,114,"105",101,113,12132,10757,12688,30,12
29143,"Missouri","New Madrid",41553,37,155,71,113,109,"111",94,102,13734,18038,13295,27,10
29155,"Missouri","Pemiscot",34498,32,168,69.1,115,115,"115",108,115,17249,24798,15005,29,11
29165,"Missouri","Platte",86924,67,55,80.2,1,1,"1",3,1,5654,7104,5668,15,7
29169,"Missouri","Pulaski",59126,39,101,75.6,27,25,"42",49,18,8577,7245,9669,20,7
29183,"Missouri","St. Charles",90567,396,81,79.6,2,2,"4",5,2,6100,9068,6064,14,7
29187,"Missouri","St. Francois",48476,103,118,73.8,88,81,"93",25,85,10827,7330,11152,22,9
29189,"Missouri","St. Louis",68964,1364,93,77.2,26,5,"47",1,26,8753,16391,6293,15,10
29201,"Missouri","Scott",52864,60,112,74.4,99,80,"91",34,78,10687,13393,10585,24,10
29510,"Missouri","St. Louis City",45773,330,100,73.1,111,100,"112",18,114,13936,21372,8658,23,13
30111,"Montana","Yellowstone",58374,173,83,77.3,20,9,"19",3,14,8219,21058,7355,15,8
31055,"Nebraska","Douglas",65788,488,84,78.6,25,47,"27",2,72,6756,12536,6321,15,8
31109,"Nebraska","Lancaster",65819,148,43,79.9,10,15,"11",1,52,5645,8717,5592,13,7
31153,"Nebraska","Sarpy",83104,116,67,80.7,1,3,"5",8,16,4934,7137,5050,13,7
32003,"Nevada","Clark",62496,2428,93,78.4,6,14,"3",9,16,7362,12252,8019,21,9
32031,"Nevada","Washoe",75232,441,80,78.2,2,4,"2",3,5,7273,12021,7998,17,8
33011,"New Hampshire","Hillsborough",79222,412,78,79.4,5,5,"5",7,7,6596,6045,7034,14,7
34001,"New Jersey","Atlantic",61377,286,80,76.7,18,20,"19",16,21,9135,14188,9191,19,8
34003,"New Jersey","Bergen",107114,1962,146,82.1,4,4,"2",4,5,4300,6764,4798,14,8
34005,"New Jersey","Burlington",92471,523,85,79.1,12,8,"10",6,7,6623,8699,6786,15,8
34007,"New Jersey","Camden",71718,700,111,76.7,19,15,"17",14,16,8683,13580,7930,18,9
34009,"New Jersey","Cape May",75829,112,61,76.9,15,14,"18",7,14,9104,12240,9140,15,7
34011,"New Jersey","Cumberland",60352,180,104,74.6,21,21,"20",20,20,10534,13055,10635,25,10
34013,"New Jersey","Essex",65528,2055,226,78,17,17,"16",17,18,7907,12017,4790,21,10
34015,"New Jersey","Gloucester",87220,343,95,77.2,14,11,"15",13,9,7837,10732,7933,15,8
34017,"New Jersey","Hudson",77323,1510,226,80.5,10,16,"6",21,17,5775,11515,6164,20,8
34021,"New Jersey","Mercer",87581,607,131,79.3,13,10,"13",9,11,6850,12124,6098,17,8
34023,"New Jersey","Middlesex",95610,1445,143,80.6,6,7,"5",8,10,5425,7445,7032,15,8
34025,"New Jersey","Monmouth",104219,937,105,79.8,7,5,"7",5,6,5793,11413,5664,14,7
34027,"New Jersey","Morris",114103,829,117,81.8,1,1,"3",1,2,4321,6935,4606,12,6
34029,"New Jersey","Ocean",78181,1136,109,78.5,9,12,"14",11,12,7087,10551,7180,16,6
34031,"New Jersey","Passaic",64422,1352,229,78.9,16,18,"12",18,19,6841,13861,6468,22,9
34033,"New Jersey","Salem",65563,94,100,74,20,19,"21",19,15,12039,21695,10333,19,9
34035,"New Jersey","Somerset",115573,525,116,81.9,3,3,"4",3,3,4366,7684,5013,12,7
34037,"New Jersey","Sussex",92739,217,113,78.8,5,6,"9",10,4,6432,8387,6810,13,6
34039,"New Jersey","Union",83189,1389,210,79.8,8,13,"8",15,13,6048,9187,5387,19,8
34041,"New Jersey","Warren",80412,150,95,79.1,11,9,"11",12,8,6657,8178,6966,15,8
35001,"New Mexico","Bernalillo",56632,602,72,77.4,5,4,"8",3,8,9293,13124,7550,20,9
35009,"New Mexico","Curry",53864,57,119,76.1,10,14,"7",16,3,9254,16109,8206,24,8
35013,"New Mexico","Dona Ana",46547,329,125,78.6,4,18,"2",17,13,7704,9455,8190,25,8
35025,"New Mexico","Lea",66780,134,209,74.4,16,28,"15",30,22,10497,16462,12336,25,9
36001,"New York","Albany",70629,209,48,79.4,22,6,"24",6,6,6525,11932,5859,15,8
36005,"New York","Bronx",44906,4277,281,78,62,62,"56",62,62,8106,10200,9296,30,10
36007,"New York","Broome",52510,211,70,78.1,49,41,"47",24,54,7542,11358,7350,19,8
36013,"New York","Chautauqua",50062,41,21,77.8,55,48,"51",17,44,7861,11226,7636,20,8
36015,"New York","Chemung",54705,100,77,76.4,58,53,"61",49,50,8581,11093,8527,18,8
36021,"New York","Columbia",66068,44,39,80.4,13,18,"22",45,17,6396,11415,6206,16,6
36027,"New York","Dutchess",79276,263,62,80.1,15,12,"18",16,14,6246,7837,6524,16,8
36029,"New York","Erie",59584,1189,89,78,46,29,"44",11,43,7278,13090,6292,17,9
36039,"New York","Greene",60163,28,34,78.7,51,51,"55",55,47,7969,8857,8391,19,7
36045,"New York","Jefferson",57570,13,11,77.8,42,49,"43",27,35,7235,6258,7605,19,7
36047,"New York","Kings",70390,6645,230,80.7,20,61,"11",60,61,5839,8070,4296,20,8
36055,"New York","Monroe",61358,654,61,79.3,39,31,"34",14,45,6805,13048,5500,17,9
36059,"New York","Nassau",122730,2756,139,81.9,4,1,"3",1,4,4556,7011,4394,14,8
36061,"New York","New York",87745,2787,127,83.7,5,10,"1",2,56,4413,9888,2730,17,8
36063,"New York","Niagara",54963,234,73,77.3,53,50,"54",52,46,7925,16371,7159,17,8
36065,"New York","Oneida",58696,246,70,77.5,52,45,"50",32,41,7851,15017,7431,18,8
36067,"New York","Onondaga",63963,474,73,79,32,25,"33",9,42,6752,12466,5986,16,8
36069,"New York","Ontario",62777,74,42,80.1,8,7,"15",12,5,6042,11798,5956,14,7
36071,"New York","Orange",78724,594,137,79.5,14,26,"20",29,34,6269,8422,6510,17,7
36081,"New York","Queens",78847,6559,227,81.8,12,52,"8",61,60,5244,7483,5551,21,8
36083,"New York","Rensselaer",71457,78,37,78.8,30,14,"31",23,10,6713,11890,6271,15,8
36085,"New York","Richmond",81003,1125,188,79.8,18,27,"14",22,57,5982,9082,5680,18,8
36087,"New York","Rockland",94874,819,202,81.4,7,11,"7",13,39,5060,5890,4967,17,6
36093,"New York","Schenectady",66292,88,41,78.7,44,24,"38",10,32,6997,10893,6430,17,9
36103,"New York","Suffolk",109084,2805,138,80.1,10,8,"13",19,9,5926,8815,5825,15,8
36105,"New York","Sullivan",63915,63,62,77.3,61,58,"62",56,59,8682,7313,9714,20,8
36109,"New York","Tompkins",65308,22,19,81.3,2,4,"5",7,3,4707,7495,5111,15,6
36111,"New York","Ulster",66060,149,55,79.7,25,28,"23",38,27,6459,9402,6571,17,7
36119,"New York","Westchester",103340,1926,139,82.4,6,5,"4",5,15,4618,7290,4180,16,8
37001,"North Carolina","Alamance",53220,149,65,76.8,37,51,"32",55,48,8327,11368,8393,21,9
37003,"North Carolina","Alexander",53523,44,82,77,39,55,"40",66,53,8806,9912,8799,21,8
37007,"North Carolina","Anson",40818,34,105,73.4,94,93,"95",90,89,12714,14226,11930,26,13
37013,"North Carolina","Beaufort",50253,65,78,75.9,80,54,"75",24,63,10375,12041,10556,22,11
37015,"North Carolina","Bertie",41889,38,116,75.6,89,84,"83",70,82,10942,12124,8321,27,13
37017,"North Carolina","Bladen",43664,27,57,74.7,85,89,"88",91,87,11630,14568,11110,26,11
37019,"North Carolina","Brunswick",64371,84,30,79.2,26,24,"33",11,55,8385,8874,8728,17,9
37021,"North Carolina","Buncombe",66156,158,40,78.4,19,8,"23",4,32,7806,12602,7807,17,9
37023,"North Carolina","Burke",48729,85,63,76.5,49,61,"51",25,70,9573,13073,9817,22,9
37025,"North Carolina","Cabarrus",79736,127,58,78.4,10,12,"11",20,7,6849,8960,6979,18,9
37027,"North Carolina","Caldwell",50235,108,88,75.4,68,63,"50",34,64,9567,13661,9515,22,10
37031,"North Carolina","Carteret",63475,31,23,77.1,28,18,"49",23,9,9535,15871,9561,17,7
37033,"North Carolina","Caswell",48070,16,44,75.6,76,79,"64",88,80,10128,10417,10404,23,11
37035,"North Carolina","Catawba",52737,174,80,76.7,30,32,"31",21,39,8230,12949,8226,20,8
37037,"North Carolina","Chatham",74747,51,36,80.5,11,3,"14",9,11,7040,12749,6532,17,9
37041,"North Carolina","Chowan",45365,22,78,75.6,67,64,"67",10,72,10159,14875,7209,22,10
37045,"North Carolina","Cleveland",49041,162,126,73.8,83,71,"82",72,66,10929,13094,10737,23,11
37047,"North Carolina","Columbus",40712,85,106,73.5,91,92,"92",94,88,12235,13850,12280,26,12
37049,"North Carolina","Craven",53960,102,72,75.7,45,21,"70",7,23,10255,13788,10038,20,8
37051,"North Carolina","Cumberland",49160,148,47,75.7,52,70,"60",49,75,9934,11615,9742,22,10
37057,"North Carolina","Davidson",56067,137,60,75.8,54,59,"52",65,38,9582,10552,9874,21,10
37061,"North Carolina","Duplin",49755,74,91,77.8,75,74,"56",97,59,9671,13643,9757,28,9
37063,"North Carolina","Durham",65619,138,42,80,7,9,"7",6,21,6380,9457,4559,18,9
37065,"North Carolina","Edgecombe",45156,85,112,71.9,99,98,"98",42,99,14320,15809,12935,28,13
37067,"North Carolina","Forsyth",56158,244,51,77.7,33,29,"27",13,45,8066,11009,7411,20,11
37069,"North Carolina","Franklin",54868,43,46,77.4,35,43,"36",50,29,8483,10498,8120,21,9
37071,"North Carolina","Gaston",60622,226,81,75.1,50,52,"55",43,50,9647,10735,9837,21,10
37073,"North Carolina","Gates",57680,18,102,76,78,40,"84",54,26,10948,15020,9577,20,11
37077,"North Carolina","Granville",53112,48,60,77.7,34,34,"25",39,17,7811,8835,7950,21,10
37079,"North Carolina","Greene",47605,26,98,76.9,59,88,"28",99,81,8151,11371,7022,27,11
37081,"North Carolina","Guilford",55577,346,54,77.8,31,31,"29",22,56,8166,10574,7373,19,10
37083,"North Carolina","Halifax",41098,53,66,72.9,97,97,"96",85,97,13212,14316,12242,28,13
37085,"North Carolina","Harnett",55586,97,75,76.5,36,50,"37",87,40,8591,11731,8335,21,9
37089,"North Carolina","Henderson",60550,98,44,79,12,11,"19",12,19,7432,11003,7558,17,8
37091,"North Carolina","Hertford",46632,47,131,74.7,84,75,"79",47,71,10828,10844,11829,26,11
37093,"North Carolina","Hoke",53728,40,88,75.4,57,81,"54",96,68,9647,12226,7912,24,9
37097,"North Carolina","Iredell",61892,134,62,77.9,15,19,"15",26,15,7090,11379,6996,18,8
37101,"North Carolina","Johnston",63882,121,57,77.7,20,27,"17",63,12,7194,9376,7020,20,8
37105,"North Carolina","Lee",57025,46,58,76.3,56,53,"57",58,58,9768,16562,9110,23,10
37107,"North Carolina","Lenoir",40586,78,96,73.6,90,82,"91",78,77,12034,14681,11079,26,11
37109,"North Carolina","Lincoln",56183,74,64,77,22,22,"30",33,13,8173,10979,8548,18,8
37117,"North Carolina","Martin",42264,30,73,74,88,72,"89",60,74,11807,13317,10225,24,12
37119,"North Carolina","Mecklenburg",72340,611,60,80,6,14,"6",14,27,6100,9012,4984,17,10
37123,"North Carolina","Montgomery",48522,38,108,75.5,77,69,"74",76,67,10329,15814,9483,23,11
37125,"North Carolina","Moore",69413,97,50,79.1,17,6,"26",5,8,7848,11990,7680,17,8
37127,"North Carolina","Nash",49883,115,88,75.1,64,66,"66",38,78,10156,10973,10150,22,10
37129,"North Carolina","New Hanover",65615,88,27,79.1,14,7,"18",2,20,7274,11631,6771,17,8
37131,"North Carolina","Northampton",41630,43,109,75.9,86,86,"81",81,84,10923,12875,8309,27,12
37133,"North Carolina","Onslow",52885,79,53,76.2,23,26,"39",31,14,8761,10450,9135,20,7
37135,"North Carolina","Orange",82732,52,34,82.1,2,1,"2",1,1,5129,10658,4534,15,8
37139,"North Carolina","Pasquotank",56654,41,83,74.9,55,57,"71",41,57,10256,11823,10006,21,9
37141,"North Carolina","Pender",59812,31,37,77.2,29,23,"35",30,22,8477,13624,7670,19,8
37145,"North Carolina","Person",58991,26,41,75.9,58,44,"46",29,35,9377,12344,8389,22,11
37147,"North Carolina","Pitt",49955,126,65,77.5,44,35,"38",15,37,8673,12135,6938,21,11
37151,"North Carolina","Randolph",48849,137,72,75,65,65,"76",69,62,10543,14981,11042,22,9
37153,"North Carolina","Richmond",42335,57,95,73.1,93,94,"90",86,93,11957,14054,11853,27,12
37155,"North Carolina","Robeson",39139,194,132,71.7,100,100,"99",100,98,14665,17228,12890,32,12
37157,"North Carolina","Rockingham",50388,104,73,74.3,81,73,"85",61,79,11126,14517,10823,23,9
37159,"North Carolina","Rowan",55398,157,84,75,61,62,"59",51,69,9840,12895,10047,21,10
37161,"North Carolina","Rutherford",44004,115,108,75.3,66,68,"61",48,76,9963,14813,9611,22,9
37163,"North Carolina","Sampson",45387,57,68,76,62,76,"48",98,60,9398,10882,10104,26,9
37165,"North Carolina","Scotland",33531,56,116,73.1,98,99,"94",73,100,12627,16320,9564,28,14
37167,"North Carolina","Stanly",53769,74,86,75.3,53,46,"68",74,24,10202,15129,9632,20,9
37179,"North Carolina","Union",90920,117,49,80,3,5,"5",27,3,5515,9293,5259,17,8
37181,"North Carolina","Vance",41935,71,111,73.3,95,96,"97",71,95,13263,15630,12079,27,12
37183,"North Carolina","Wake",88763,449,44,81.6,1,2,"1",3,2,4809,7929,4182,14,8
37185,"North Carolina","Warren",42808,14,46,75.5,92,95,"93",92,96,12537,13779,9000,27,11
37191,"North Carolina","Wayne",52906,149,100,74.7,74,60,"77",64,41,10671,13741,10059,24,9
37193,"North Carolina","Wilkes",46830,77,69,76,72,48,"62",44,52,9995,15292,10262,22,10
37195,"North Carolina","Wilson",44089,110,94,75.2,82,87,"58",84,91,9794,12528,8338,25,12
38017,"North Dakota","Cass",61338,153,83,79.9,5,2,"3",3,5,6063,6633,5708,13,7
39003,"Ohio","Allen",52558,172,121,76.3,59,47,"42",47,51,8518,12607,8158,20,10
39007,"Ohio","Ashtabula",51252,125,86,75.2,71,84,"65",79,76,9749,12675,9871,25,8
39017,"Ohio","Butler",69049,399,91,76.4,39,27,"54",32,33,9053,10517,9305,19,8
39023,"Ohio","Clark",54507,209,105,73.9,80,70,"81",61,71,11537,17239,11283,22,9
39025,"Ohio","Clermont",72740,147,56,77.5,27,24,"36",29,23,8233,13072,8283,18,7
39029,"Ohio","Columbiana",49342,161,101,75.8,57,66,"57",67,60,9132,7071,9389,21,7
39035,"Ohio","Cuyahoga",55128,1496,83,76.5,65,61,"59",11,82,9175,13920,7270,20,11
39041,"Ohio","Delaware",114423,89,40,81.7,1,1,"1",1,1,4212,7315,4290,13,6
39043,"Ohio","Erie",66252,114,90,76.2,49,48,"58",38,55,9152,13207,8795,20,8
39045,"Ohio","Fairfield",74987,136,72,77.7,15,14,"14",26,12,7047,6317,7261,18,8
39049,"Ohio","Franklin",62643,1033,84,76.6,42,30,"47",8,46,8681,12793,7868,18,9
39057,"Ohio","Greene",71673,169,75,78.5,10,8,"12",20,9,6874,9557,6894,17,7
39061,"Ohio","Hamilton",63919,802,80,76.4,54,35,"56",3,50,9070,13427,7767,18,10
39081,"Ohio","Jefferson",49642,91,84,74.5,76,77,"77",74,69,11003,28104,9956,22,8
39085,"Ohio","Lake",69853,246,68,78.2,12,15,"15",23,36,7248,10333,7357,17,7
39089,"Ohio","Licking",68982,156,70,77.1,26,16,"23",30,16,7547,8270,7750,18,8
39093,"Ohio","Lorain",59954,314,71,77.5,35,50,"31",45,66,8020,12805,7645,20,8
39095,"Ohio","Lucas",51642,591,108,74.6,79,78,"75",22,88,10804,15726,9786,22,10
39099,"Ohio","Mahoning",48937,476,122,75.2,78,63,"69",21,79,10143,17758,8799,22,11
39101,"Ohio","Marion",52226,111,126,75,70,67,"68",62,58,10137,7986,10680,23,8
39109,"Ohio","Miami",63699,130,86,77.4,13,18,"19",37,18,7497,10625,7610,18,6
39113,"Ohio","Montgomery",54692,692,93,74.6,75,52,"80",24,74,11059,15916,9959,21,9
39119,"Ohio","Muskingum",52457,84,71,75.1,67,58,"70",40,54,10157,12935,10116,21,8
39129,"Ohio","Pickaway",64412,83,114,75.2,52,43,"63",31,40,9519,12567,9589,20,7
39133,"Ohio","Portage",64250,125,61,77.8,24,20,"17",39,25,7395,9939,7435,18,8
39139,"Ohio","Richland",52295,141,76,75.6,61,64,"67",50,63,9809,12431,9887,21,8
39141,"Ohio","Ross",49543,102,100,74.1,77,56,"72",5,65,10442,6758,10901,23,9
39145,"Ohio","Scioto",44297,66,63,70.7,88,85,"88",70,84,15419,15730,15683,25,8
39151,"Ohio","Stark",57364,643,114,76.5,46,39,"39",15,44,8500,13366,8185,20,9
39153,"Ohio","Summit",60715,651,86,76.8,43,25,"41",13,42,8515,14261,7620,19,9
39155,"Ohio","Trumbull",48929,353,107,75.2,72,80,"73",52,86,10497,17112,9888,22,9
39165,"Ohio","Warren",90600,208,79,79.2,2,2,"7",2,5,5717,8257,5923,15,7
40017,"Oklahoma","Canadian",75452,157,101,78,1,2,"2",4,5,6810,6382,6766,17,7
40019,"Oklahoma","Carter",46781,51,78,74.3,41,37,"32",26,56,10140,8384,10271,22,9
40027,"Oklahoma","Cleveland",64011,238,77,78.4,2,1,"3",1,3,7020,6990,7294,18,8
40031,"Oklahoma","Comanche",54007,92,73,75.5,30,30,"26",8,39,9556,11361,9270,23,8
40037,"Oklahoma","Creek",49954,100,100,74.5,40,32,"45",34,33,10566,13607,10191,22,8
40089,"Oklahoma","McCurtain",45380,84,187,72.4,72,75,"72",69,71,13488,20244,12175,28,8
40101,"Oklahoma","Muskogee",42607,108,125,72.1,63,63,"65",36,65,12227,13709,11337,25,8
40109,"Oklahoma","Oklahoma",55332,864,101,75.5,28,14,"23",2,37,9278,13401,8800,21,9
40111,"Oklahoma","Okmulgee",50442,57,108,72.4,68,55,"67",46,44,12766,16979,11654,25,8
40119,"Oklahoma","Payne",39681,55,68,77.5,11,19,"7",11,17,7672,10224,7824,20,7
40125,"Oklahoma","Pottawatomie",50118,80,89,74,39,34,"34",14,38,10238,12056,8915,23,8
40143,"Oklahoma","Tulsa",58863,621,83,76.3,16,12,"15",3,31,8710,14809,7889,20,8
41005,"Oregon","Clackamas",82539,116,21,80.9,4,3,"5",3,3,5267,5768,5517,15,6
41039,"Oregon","Lane",58818,76,14,79,12,10,"10",9,23,6557,9306,6834,19,7
41047,"Oregon","Marion",64990,182,44,79.4,10,23,"8",24,24,6120,5991,6707,22,6
41051,"Oregon","Multnomah",74707,389,47,79.4,6,6,"9",5,17,6124,11652,5994,17,7
41067,"Oregon","Washington",85385,131,20,82.6,2,1,"2",4,2,4102,5033,4326,16,6
42003,"Pennsylvania","Allegheny",64236,1108,59,77.9,16,11,"37",11,21,7699,14909,6672,17,8
42007,"Pennsylvania","Beaver",56649,243,87,76.5,45,35,"55",30,27,8874,16364,8329,18,7
42011,"Pennsylvania","Berks",70057,575,98,79,15,34,"15",40,51,6733,10439,6336,20,8
42013,"Pennsylvania","Blair",52177,193,95,76.5,40,36,"47",41,25,8182,15778,8073,20,7
42017,"Pennsylvania","Bucks",92441,875,91,79.5,7,6,"11",4,6,6306,8437,6497,14,8
42021,"Pennsylvania","Cambria",48653,280,119,75.8,62,40,"63",57,37,9574,20869,9153,19,9
42029,"Pennsylvania","Chester",107491,555,81,81.2,1,1,"3",10,1,4866,9458,4831,14,7
42041,"Pennsylvania","Cumberland",69546,321,84,80.1,5,3,"6",5,4,5553,6952,5678,16,7
42043,"Pennsylvania","Dauphin",63265,329,88,78.2,44,23,"41",23,32,7777,11763,6855,19,9
42045,"Pennsylvania","Delaware",75174,979,126,78,17,13,"29",12,29,7571,11188,6846,17,9
42049,"Pennsylvania","Erie",55181,259,67,77.6,42,41,"35",19,49,7647,13787,7184,19,9
42051,"Pennsylvania","Fayette",45256,164,77,74.9,66,65,"66",61,65,10656,12396,10672,22,9
42055,"Pennsylvania","Franklin",57812,235,94,78.9,12,18,"16",38,9,6749,11059,6648,19,7
42069,"Pennsylvania","Lackawanna",56911,267,78,76.6,52,27,"54",25,47,8723,15288,8670,19,9
42071,"Pennsylvania","Lancaster",73006,748,89,80,9,12,"8",32,11,6039,7710,5894,19,7
42073,"Pennsylvania","Lawrence",50373,140,91,75.8,64,56,"64",49,56,9927,21138,9266,19,9
42075,"Pennsylvania","Lebanon",63605,156,71,78.4,27,17,"19",13,23,6996,9335,6658,20,8
42077,"Pennsylvania","Lehigh",65733,518,103,79,13,30,"13",20,54,6605,9415,6689,20,8
42079,"Pennsylvania","Luzerne",52281,463,91,75.7,60,60,"62",34,64,9446,14239,9873,21,8
42081,"Pennsylvania","Lycoming",56751,130,71,77.4,41,22,"38",3,34,7719,14871,7364,19,8
42085,"Pennsylvania","Mercer",51743,170,88,76.2,57,47,"58",33,57,9171,18386,8447,20,8
42089,"Pennsylvania","Monroe",71686,213,98,78.2,38,57,"32",63,60,7625,7333,8674,20,9
42091,"Pennsylvania","Montgomery",94094,1168,93,80.5,4,2,"5",2,3,5373,8683,5252,14,7
42095,"Pennsylvania","Northampton",73903,417,86,79.7,10,10,"7",9,17,6017,9354,6029,17,8
42101,"Pennsylvania","Philadelphia",55102,2461,141,75.3,67,67,"67",66,67,10671,14079,8916,24,11
42107,"Pennsylvania","Schuylkill",52307,239,105,75,63,58,"65",36,58,10130,9203,10591,20,8
42125,"Pennsylvania","Washington",65808,135,42,77.1,32,19,"50",31,16,8267,17213,8066,17,7
42129,"Pennsylvania","Westmoreland",59349,425,68,77.6,22,16,"43",17,10,7934,13889,7780,17,7
42133,"Pennsylvania","York",71655,424,68,78.6,24,15,"22",8,13,7105,11492,6808,18,8
44007,"Rhode Island","Providence",67752,1192,145,78.7,5,5,"5",5,5,6630,8066,7003,20,8
45001,"South Carolina","Abbeville",47219,34,82,75,23,22,"22",19,22,11005,14998,9389,23,9
45003,"South Carolina","Aiken",57128,157,64,75.8,16,12,"20",22,10,10130,12916,9547,20,9
45007,"South Carolina","Anderson",52667,295,107,75.1,17,15,"16",9,14,9945,12622,9635,20,9
45009,"South Carolina","Bamberg",39969,31,133,72.3,34,38,"34",27,37,14161,17035,9305,25,12
45011,"South Carolina","Barnwell",41717,34,121,72,38,40,"36",32,40,14377,18061,12095,26,11
45013,"South Carolina","Beaufort",76515,100,27,82.6,1,2,"1",5,2,6234,10496,5688,15,8
45015,"South Carolina","Berkeley",70371,126,53,78.3,7,9,"7",16,6,7691,10383,7237,19,9
45017,"South Carolina","Calhoun",50977,15,59,74.4,25,21,"30",30,19,12931,15284,12804,21,11
45019,"South Carolina","Charleston",72451,274,54,78.8,4,3,"4",1,4,7540,12645,5796,16,9
45021,"South Carolina","Cherokee",45085,85,118,72.7,31,30,"28",29,28,12740,13274,13175,23,12
45023,"South Carolina","Chester",45366,46,108,70.8,37,39,"43",33,39,15356,17662,14293,24,11
45025,"South Carolina","Chesterfield",44792,67,106,73.2,29,29,"26",35,29,12191,13929,11873,26,11
45027,"South Carolina","Clarendon",52983,77,149,74.4,27,32,"27",36,33,12305,14761,10049,26,10
45029,"South Carolina","Colleton",44399,59,105,70.7,39,35,"44",40,32,15395,18577,13437,24,12
45031,"South Carolina","Darlington",42082,101,109,72.7,32,28,"32",37,27,13036,13497,13150,23,12
45033,"South Carolina","Dillon",40930,48,125,70.6,46,41,"46",42,41,15722,17291,14716,30,12
45035,"South Carolina","Dorchester",62928,103,60,77.8,6,10,"8",14,9,7720,9134,7366,18,8
45037,"South Carolina","Edgefield",55005,27,68,79,10,19,"3",25,20,7439,10919,5956,23,9
45039,"South Carolina","Fairfield",45648,41,112,72.5,36,36,"37",18,36,14563,14093,17456,25,11
45041,"South Carolina","Florence",47429,240,141,72.5,28,18,"29",24,18,12837,15464,11098,21,13
45043,"South Carolina","Georgetown",57991,91,78,75.3,21,16,"24",20,24,11439,12749,11107,21,11
45045,"South Carolina","Greenville",62475,449,72,78,3,1,"5",2,5,7626,11306,7239,17,8
45047,"South Carolina","Greenwood",43711,84,79,74.9,20,17,"21",4,21,10921,13608,10012,22,10
45049,"South Carolina","Hampton",43614,31,122,71.5,41,33,"38",39,30,14696,15248,14696,28,13
45051,"South Carolina","Horry",55055,353,61,76.5,14,25,"18",34,26,10108,13229,10055,20,9
45053,"South Carolina","Jasper",48988,24,58,77.2,19,34,"19",46,25,10121,11202,10291,25,10
45055,"South Carolina","Kershaw",60397,73,83,75.7,15,11,"17",7,8,9998,11234,9903,20,9
45057,"South Carolina","Lancaster",63019,94,63,77.1,13,14,"14",28,15,9773,13876,9018,19,10
45059,"South Carolina","Laurens",43766,79,83,73.3,26,27,"25",23,31,11768,13188,11802,24,11
45061,"South Carolina","Lee",40400,51,213,70.4,43,42,"40",38,42,15187,16463,12789,27,14
45063,"South Carolina","Lexington",62839,235,64,77.7,5,4,"6",6,1,7643,9418,7624,18,8
45067,"South Carolina","Marion",38498,80,190,70.7,44,43,"41",45,43,15313,17065,13327,27,14
45069,"South Carolina","Marlboro",38877,38,112,71.4,40,46,"35",41,45,14181,13450,16325,30,12
45071,"South Carolina","Newberry",52202,67,123,75.4,22,20,"15",17,17,9819,13440,9094,23,12
45073,"South Carolina","Oconee",58061,75,59,76.4,11,8,"12",11,12,9480,8583,10153,19,9
45075,"South Carolina","Orangeburg",41335,132,105,72.6,35,37,"33",31,38,13737,14675,13063,24,13
45077,"South Carolina","Pickens",54588,145,88,76.3,8,7,"10",8,7,8433,8822,8828,19,8
45079,"South Carolina","Richland",56993,304,72,77,9,6,"9",3,11,8338,10292,6575,18,11
45081,"South Carolina","Saluda",46216,30,92,77.2,18,23,"11",44,16,8618,12187,8455,25,10
45083,"South Carolina","Spartanburg",53485,382,97,75.5,12,13,"13",15,13,9521,12154,9410,20,9
45085,"South Carolina","Sumter",45724,127,96,74.3,24,24,"23",26,23,11242,12652,10450,23,11
45087,"South Carolina","Union",46567,43,111,72.2,33,31,"31",21,34,12990,13604,13240,24,12
45089,"South Carolina","Williamsburg",38186,79,165,71.2,42,44,"45",43,44,15415,16885,14216,28,13
45091,"South Carolina","York",72579,224,74,77.9,2,5,"2",12,3,7221,9373,7145,16,8
46099,"South Dakota","Minnehaha",64526,267,133,77.6,20,17,"20",11,25,7238,9523,6681,14,7
47001,"Tennessee","Anderson",53002,69,57,74.7,38,14,"49",10,19,10763,11276,11116,22,9
47003,"Tennessee","Bedford",58593,68,120,74.1,42,62,"46",71,46,10666,12052,10930,25,9
47009,"Tennessee","Blount",67576,105,51,76.7,8,7,"11",7,7,8899,8171,9275,20,8
47011,"Tennessee","Bradley",49802,72,50,76,15,22,"8",50,15,8707,9845,8809,24,9
47017,"Tennessee","Carroll",47390,53,125,73,47,31,"58",40,29,11215,16402,10905,25,8
47037,"Tennessee","Davidson",64418,539,81,76.3,10,16,"13",17,34,9119,12813,7979,20,9
47043,"Tennessee","Dickson",60309,68,107,74.7,24,20,"37",32,18,10418,11925,10461,23,7
47045,"Tennessee","Dyer",50906,63,131,72.3,81,65,"76",62,64,12114,18558,11150,25,11
47047,"Tennessee","Fayette",73132,41,64,77.3,20,17,"12",28,14,9066,13772,7298,22,10
47053,"Tennessee","Gibson",47850,87,127,72.8,57,35,"62",24,31,11480,16094,10705,24,9
47055,"Tennessee","Giles",51332,43,99,74,52,49,"38",49,65,10473,13484,10354,23,10
47065,"Tennessee","Hamilton",61478,257,53,77,14,10,"10",5,16,8762,12786,7921,21,10
47069,"Tennessee","Hardeman",44937,50,149,73.4,89,88,"72",47,85,11929,14050,10438,31,11
47075,"Tennessee","Haywood",43742,40,187,72.3,95,86,"90",45,84,14194,15874,13211,29,12
47079,"Tennessee","Henry",41598,46,87,73.2,71,50,"74",15,66,12103,16919,11811,25,9
47093,"Tennessee","Knox",57886,287,50,75.8,11,2,"20",2,5,9637,13814,9586,19,8
47097,"Tennessee","Lauderdale",43386,32,98,73.2,90,94,"59",88,90,11248,10642,12203,31,12
47103,"Tennessee","Lincoln",56661,42,87,73.6,48,36,"65",30,61,11558,11667,12037,24,8
47107,"Tennessee","McMinn",50297,61,72,73.7,59,44,"66",26,42,11577,14142,11853,25,9
47113,"Tennessee","Madison",47580,155,123,75,45,28,"45",4,70,10659,14054,8349,24,10
47119,"Tennessee","Maury",65942,105,86,76.2,6,11,"7",9,17,8407,10616,8193,21,9
47125,"Tennessee","Montgomery",60779,112,74,74.9,13,18,"17",13,12,9497,13124,9045,21,8
47131,"Tennessee","Obion",45643,72,153,74.2,53,51,"31",53,36,10137,13972,9993,27,9
47147,"Tennessee","Robertson",63918,73,93,75,16,15,"21",22,8,9684,15288,9497,22,8
47149,"Tennessee","Rutherford",73980,235,84,77.2,3,6,"4",12,3,7676,9642,7576,19,9
47157,"Tennessee","Shelby",50870,955,96,74.2,74,75,"69",29,88,11796,14832,8349,24,12
47163,"Tennessee","Sullivan",48968,184,72,74.9,30,12,"43",6,24,10637,15621,10728,23,8
47165,"Tennessee","Sumner",72325,188,82,77.5,5,5,"5",19,4,7869,9866,7899,19,8
47167,"Tennessee","Tipton",61432,64,87,75,27,27,"18",38,23,9571,12992,8999,23,10
47179,"Tennessee","Washington",52088,151,83,75.2,18,4,"24",3,9,9857,13353,9858,21,8
47183,"Tennessee","Weakley",46979,35,71,75.3,17,21,"19",41,13,9613,13542,9534,24,7
47187,"Tennessee","Williamson",118257,138,54,81.5,1,1,"1",1,1,4526,6947,4605,14,6
47189,"Tennessee","Wilson",77822,144,89,77.5,2,3,"3",11,2,7557,11349,7459,18,8
48001,"Texas","Anderson",50879,76,120,73.2,184,186,"220",98,178,11158,13305,10871,26,7
48005,"Texas","Angelina",49943,163,152,75.1,180,136,"168",48,150,9839,14946,9611,27,9
48021,"Texas","Bastrop",74612,53,50,78.1,46,98,"55",110,99,7788,8680,8547,23,8
48027,"Texas","Bell",53639,202,63,77.5,71,53,"62",16,79,7976,10104,8348,22,9
48029,"Texas","Bexar",60477,1952,98,78.1,44,43,"38",24,136,7346,10640,7314,24,9
48037,"Texas","Bowie",50326,126,105,74.5,205,132,"183",29,156,10224,15087,9110,22,11
48039,"Texas","Brazoria",83576,239,66,79,14,39,"16",36,40,6238,6977,7276,19,8
48041,"Texas","Brazos",53570,146,84,80,15,19,"10",10,50,5429,10324,4947,22,8
48051,"Texas","Burleson",64836,20,73,76.3,145,85,"145",63,72,9202,14793,8793,23,9
48067,"Texas","Cass",50595,60,123,74.7,215,190,"201",83,166,10622,17043,9738,24,9
48071,"Texas","Chambers",89991,28,63,77.3,31,116,"43",224,87,7463,10829,8233,20,8
48073,"Texas","Cherokee",45894,97,142,75.3,172,187,"175",87,191,10062,14212,10335,26,8
48085,"Texas","Collin",101560,443,50,82.2,1,1,"1",1,5,4167,5305,4636,14,7
48089,"Texas","Colorado",52726,16,42,77.1,112,79,"139",177,64,9063,18337,8337,23,9
48099,"Texas","Coryell",58398,40,68,76.6,69,101,"36",66,46,7310,6999,8070,23,9
48113,"Texas","Dallas",65770,2301,97,78.3,43,72,"35",40,143,7276,11518,7001,24,9
48121,"Texas","Denton",90880,405,56,81.7,2,7,"2",7,8,4389,5615,4784,16,7
48123,"Texas","DeWitt",53899,50,163,75.4,143,146,"142",115,159,9163,16971,7685,26,8
48135,"Texas","Ector",62669,268,207,73.8,173,198,"200",139,218,10537,12686,14697,26,9
48139,"Texas","Ellis",79849,184,100,78.2,18,27,"21",47,20,6559,7973,7311,20,7
48141,"Texas","El Paso",48522,2091,249,78.1,56,77,"33",140,158,7156,9248,8901,29,8
48145,"Texas","Falls",44590,22,97,77,183,216,"97",208,155,8845,13034,8611,29,9
48157,"Texas","Fort Bend",97210,429,58,82.3,4,5,"4",15,16,4585,6856,4698,16,9
48161,"Texas","Freestone",54502,31,106,74.9,188,153,"218",163,133,11040,12888,10830,25,8
48167,"Texas","Galveston",78465,220,58,77.6,39,65,"52",43,97,7701,12886,7624,20,9
48181,"Texas","Grayson",59554,192,104,75.8,102,81,"99",113,57,8940,13579,9463,21,8
48183,"Texas","Gregg",51394,175,118,74.6,177,148,"176",34,167,10063,15891,9499,24,9
48185,"Texas","Grimes",57795,47,116,76.6,147,197,"82",131,181,8560,12158,8760,26,9
48187,"Texas","Guadalupe",78909,119,63,79.5,16,26,"18",39,27,6310,6631,6719,20,8
48199,"Texas","Hardin",69151,54,74,75.5,167,95,"174",71,96,10059,14730,10136,21,9
48201,"Texas","Harris",61906,3653,87,79.2,34,123,"28",76,193,6786,11214,6756,23,9
48203,"Texas","Harrison",55198,84,100,75.7,176,138,"189",92,144,10300,16733,9636,23,8
48209,"Texas","Hays",77511,102,51,80.8,8,14,"7",27,18,4931,8019,5121,20,7
48213,"Texas","Henderson",52660,99,74,74.6,185,163,"209",105,135,10773,14768,11611,24,8
48225,"Texas","Houston",45989,27,80,76,218,210,"177",157,148,10097,12597,9456,28,10
48231,"Texas","Hunt",53760,97,83,76,140,128,"138",120,98,9062,16055,9356,23,9
48241,"Texas","Jasper",51153,53,103,74.1,222,215,"223",78,222,11258,15897,11046,24,8
48245,"Texas","Jefferson",48808,271,95,75.4,187,213,"171",68,230,9930,13953,10018,24,10
48251,"Texas","Johnson",67382,175,92,76.6,38,75,"57",72,43,7854,6618,8707,22,7
48257,"Texas","Kaufman",76352,132,108,75.9,61,47,"63",46,51,8004,10768,8610,21,8
48277,"Texas","Lamar",44688,97,138,73.8,219,157,"228",80,146,11453,15344,11467,23,8
48291,"Texas","Liberty",61230,92,106,74.2,193,224,"181",215,215,10210,12984,11445,27,9
48293,"Texas","Limestone",53143,28,86,74.6,228,183,"210",128,141,10801,15008,11952,27,10
48303,"Texas","Lubbock",56477,616,198,75.1,125,50,"155",13,109,9358,16504,8551,23,9
48309,"Texas","McLennan",55148,304,101,77.1,91,80,"64",14,107,8016,13571,7221,24,9
48313,"Texas","Madison",58674,21,128,74.7,171,172,"207",203,151,10714,11017,12754,24,8
48321,"Texas","Matagorda",52241,67,148,75.4,159,205,"161",134,207,9491,15340,10977,27,9
48329,"Texas","Midland",92117,200,137,77.9,32,36,"51",35,85,7679,13176,8318,21,8
48331,"Texas","Milam",49961,19,48,77.2,94,166,"93",108,168,8725,17730,7918,25,7
48339,"Texas","Montgomery",85348,290,46,79.5,11,25,"14",32,33,6147,8729,6731,19,7
48343,"Texas","Morris",45122,15,84,74.1,223,178,"217",117,197,11038,14433,11320,24,10
48347,"Texas","Nacogdoches",49375,103,145,75.8,148,162,"140",74,139,9068,14233,9119,25,8
48349,"Texas","Navarro",50778,74,122,75.2,169,170,"166",107,127,9769,11228,10725,26,8
48351,"Texas","Newton",45769,19,89,75.4,238,233,"224",125,229,11289,14669,10776,26,9
48355,"Texas","Nueces",55727,510,124,77.4,101,149,"90",28,204,8683,12543,9717,26,9
48361,"Texas","Orange",61323,75,76,74,191,189,"196",62,183,10467,16067,10628,21,9
48365,"Texas","Panola",51936,45,134,74.1,206,173,"199",126,138,10507,12617,10459,23,9
48373,"Texas","Polk",47535,66,121,72.5,196,212,"213",52,208,10901,12563,11889,25,8
48375,"Texas","Potter",45903,299,251,72.5,236,195,"233",50,202,11581,16700,13643,29,10
48381,"Texas","Randall",71041,206,126,78.2,21,9,"31",9,13,6983,10778,7390,18,8
48387,"Texas","Red River",46727,28,143,72,243,191,"244",148,137,14141,23849,13043,25,8
48395,"Texas","Robertson",55218,23,88,76.2,166,131,"173",118,161,10029,13303,10284,24,9
48397,"Texas","Rockwall",106225,54,52,80.4,5,4,"5",6,2,4833,6948,4948,15,8
48401,"Texas","Rusk",56954,76,111,76.1,109,150,"101",136,119,8957,11509,8772,23,8
48407,"Texas","San Jacinto",51575,24,52,76.8,211,217,"185",213,196,10279,17974,10505,25,9
48419,"Texas","Shelby",41194,44,137,74.6,204,218,"193",206,189,10408,12033,11460,28,8
48423,"Texas","Smith",60735,286,94,77.4,57,44,"59",18,59,7924,10603,8454,22,8
48439,"Texas","Tarrant",72064,1732,89,78.6,26,35,"24",31,66,6684,9411,6975,20,8
48441,"Texas","Taylor",52974,218,138,74.9,151,29,"163",21,52,9674,14261,9514,22,9
48449,"Texas","Titus",52973,57,157,76.2,83,144,"75",161,149,8334,16039,10922,28,7
48451,"Texas","Tom Green",55990,190,133,76.8,67,40,"70",19,58,8203,13758,8512,22,8
48453,"Texas","Travis",82605,586,57,81.4,6,6,"6",4,19,4927,8655,4794,17,7
48457,"Texas","Tyler",48809,17,45,74.9,213,228,"222",194,227,11252,15915,11359,24,8
48459,"Texas","Upshur",58231,49,88,75.7,141,141,"153",94,134,9317,11382,9889,22,8
48469,"Texas","Victoria",53583,129,111,77.3,77,126,"80",38,170,8506,14194,9071,25,8
48471,"Texas","Walker",43002,93,119,78.1,53,174,"30",90,152,6902,8215,6986,24,9
48473,"Texas","Waller",69460,27,54,78.7,30,142,"22",204,111,6571,11702,6904,24,8
48477,"Texas","Washington",62667,65,107,79,55,30,"53",20,39,7712,13695,7032,21,8
48481,"Texas","Wharton",55887,77,149,76.4,146,147,"86",201,132,8593,14370,8611,28,9
48485,"Texas","Wichita",54659,240,151,75.2,119,76,"157",25,110,9385,12689,9530,22,8
48491,"Texas","Williamson",91507,256,45,81.6,3,2,"3",3,6,4427,5971,4960,16,7
49011,"Utah","Davis",92253,92,33,80.2,4,4,"5",2,3,5170,8154,5133,15,7
49035,"Utah","Salt Lake",79294,576,57,79.3,8,9,"11",4,12,6300,9472,6347,16,8
49049,"Utah","Utah",81804,223,57,80.2,5,1,"6",6,2,5203,7851,5328,14,6
49057,"Utah","Weber",72091,110,45,78.1,16,15,"15",8,14,6878,11854,6845,18,8
50007,"Vermont","Chittenden",80539,62,31,81.7,1,1,"1",1,1,4863,8559,4754,12,6
51001,"Virginia","Accomack",44127,32,62,75.3,103,102,"100",108,107,10231,12972,9277,24,10
51003,"Virginia","Albemarle",79708,46,27,82.2,6,6,"6",5,13,4802,8666,4446,14,6
51009,"Virginia","Amherst",61111,18,37,77.3,65,65,"65",84,59,8640,9675,8615,20,8
51013,"Virginia","Arlington",125004,152,73,85.3,2,2,"1",13,2,3090,6276,2563,11,7
51019,"Virginia","Bedford",70004,42,33,79.1,30,30,"28",56,20,6481,6788,6749,16,7
51025,"Virginia","Brunswick",45556,13,53,76.2,110,129,"87",132,127,9462,10422,8777,26,12
51029,"Virginia","Buckingham",49339,23,89,78.1,82,119,"50",113,110,7876,12030,5614,24,9
51031,"Virginia","Campbell",59223,46,52,78.4,50,75,"44",101,51,7304,8348,7411,20,8
51033,"Virginia","Caroline",67663,23,58,77.1,63,78,"63",115,68,8475,8549,8944,20,9
51037,"Virginia","Charlotte",45084,13,72,74.4,118,121,"111",127,104,11264,13829,10555,25,11
51041,"Virginia","Chesterfield",83598,185,48,78.7,27,18,"36",22,25,6858,8080,6789,17,8
51047,"Virginia","Culpeper",80151,33,51,78.4,39,45,"39",96,45,7032,10853,6634,19,7
51053,"Virginia","Dinwiddie",63567,18,45,76.7,85,89,"79",99,74,9185,9310,9500,21,10
51059,"Virginia","Fairfax",132509,688,55,85.2,4,4,"3",18,10,3516,5190,3464,13,7
51061,"Virginia","Fauquier",106977,23,26,80,11,19,"25",63,11,6369,11717,6084,14,6
51065,"Virginia","Fluvanna",79598,14,33,80.4,24,15,"33",15,22,6772,9133,6005,15,7
51067,"Virginia","Franklin",61714,41,45,77.6,67,77,"70",54,62,8890,11102,8936,20,8
51075,"Virginia","Goochland",101927,12,31,81,14,9,"20",8,9,6212,9385,5780,15,6
51081,"Virginia","Greensville",48578,21,157,74,109,120,"85",118,116,9450,9246,10018,26,12
51083,"Virginia","Halifax",43386,64,109,74.8,111,107,"108",92,102,11056,14029,9551,22,11
51085,"Virginia","Hanover",97717,75,51,79.3,15,12,"21",12,5,6247,9974,6050,14,7
51087,"Virginia","Henrico",80105,275,66,78.8,26,14,"32",10,36,6688,8341,6346,16,8
51089,"Virginia","Henry",41706,76,83,74.4,112,111,"117",81,113,11896,12138,12485,24,9
51093,"Virginia","Isle of Wight",75481,27,48,78.9,41,38,"34",30,29,6803,10166,5925,18,8
51095,"Virginia","James City",86501,35,22,81.6,9,11,"10",4,27,5422,7628,4956,14,8
51099,"Virginia","King George",90786,16,54,78.3,38,33,"52",122,12,7912,9343,7777,16,8
51107,"Virginia","Loudoun",155362,162,49,84.3,3,3,"2",21,4,3195,5030,3436,12,7
51109,"Virginia","Louisa",69907,14,24,77.6,62,56,"69",85,46,8765,12237,8394,20,7
51117,"Virginia","Mecklenburg",49542,51,89,74.8,108,104,"106",69,98,10986,15413,9018,23,10
51131,"Virginia","Northampton",50096,23,90,75,105,81,"112",32,111,11568,14613,11477,23,9
51133,"Virginia","Northumberland",60575,12,44,79.7,60,55,"22",48,84,6303,8590,5812,19,12
51135,"Virginia","Nottoway",51503,21,93,74.6,102,115,"78",107,94,9183,11769,7892,25,11
51137,"Virginia","Orange",73226,12,21,77.4,49,52,"61",71,53,8379,11589,7890,18,8
51143,"Virginia","Pittsylvania",49124,55,53,75.6,98,101,"107",95,83,11039,14044,10454,22,8
51147,"Virginia","Prince Edward",47968,17,54,76,92,92,"75",75,106,9102,12687,7078,22,11
51149,"Virginia","Prince George",75717,12,29,80.8,34,58,"17",80,43,6092,5284,7492,19,8
51153,"Virginia","Prince William",111117,324,83,81.5,10,31,"7",102,30,5029,6759,5283,17,7
51161,"Virginia","Roanoke",71613,92,57,78.9,28,10,"38",6,17,6905,10220,6871,16,7
51175,"Virginia","Southampton",60441,33,112,77.5,76,68,"55",57,54,8239,9455,7502,21,11
51177,"Virginia","Spotsylvania",94299,71,48,79.3,35,40,"40",104,35,7065,6921,7738,17,8
51179,"Virginia","Stafford",110120,36,29,80,12,24,"15",94,23,5767,6414,6118,15,8
51183,"Virginia","Sussex",48040,17,109,74.5,114,124,"103",130,121,10787,9809,12091,24,13
51193,"Virginia","Westmoreland",59343,16,57,77,83,98,"64",117,96,8576,7852,9797,21,11
51199,"Virginia","York",91711,21,23,81.5,7,5,"8",3,7,5259,6292,5507,14,7
51510,"Virginia","Alexandria City",99763,87,59,83.9,5,13,"4",55,16,3867,6551,2836,14,7
51540,"Virginia","Charlottesville City",70501,26,61,80,20,17,"11",2,57,5438,11584,3945,18,7
51550,"Virginia","Chesapeake City",80402,138,55,78.1,40,35,"37",45,33,6900,8430,6415,17,9
51570,"Virginia","Colonial Heights City",67339,13,49,73.7,97,64,"119",16,72,11979,13071,12262,19,9
51590,"Virginia","Danville City",36560,69,112,71.4,127,128,"125",34,131,13819,14324,14016,26,14
51650,"Virginia","Hampton City",53719,73,46,76.2,78,82,"83",40,97,9416,9969,9457,20,10
51670,"Virginia","Hopewell City",41792,19,67,70.2,131,131,"128",124,130,15742,15544,17129,27,14
51680,"Virginia","Lynchburg City",56089,56,57,75.3,73,53,"90",38,82,9531,13339,7952,21,8
51683,"Virginia","Manassas City",87804,45,137,78,31,71,"35",120,67,6827,9191,7329,20,7
51690,"Virginia","Martinsville City",35715,31,189,67.2,129,125,"131",86,128,17250,18266,18601,25,12
51700,"Virginia","Newport News City",60048,94,49,75.7,84,87,"84",59,101,9416,12517,7782,21,10
51710,"Virginia","Norfolk City",51401,123,56,75.2,93,106,"92",74,117,9609,13461,7294,22,11
51730,"Virginia","Petersburg City",43190,38,91,66.2,133,133,"133",77,133,21408,20150,30534,27,11
51740,"Virginia","Portsmouth City",52070,85,77,73.4,113,112,"115",49,120,11778,13746,9453,23,12
51760,"Virginia","Richmond City",54815,138,59,77.1,96,108,"89",43,119,9526,14232,4929,22,11
51770,"Virginia","Roanoke City",49313,107,86,72.8,116,109,"122",46,112,12578,15169,12434,23,10
51790,"Virginia","Staunton City",51230,36,85,75.4,56,41,"60",23,48,8366,9394,8580,17,8
51800,"Virginia","Suffolk City",72264,83,80,77.2,53,48,"51",52,50,7887,9290,6987,19,9
51810,"Virginia","Virginia Beach City",73961,163,32,80.2,22,26,"19",27,28,6178,8442,5973,16,8
51840,"Virginia","Winchester City",58295,25,77,77,59,43,"56",31,64,8242,10377,9185,20,8
53005,"Washington","Benton",75882,149,64,79.9,15,18,"15",22,13,5950,9028,6144,17,6
53011,"Washington","Clark",76929,137,24,79.6,11,7,"14",14,11,5883,9392,5974,16,6
53033,"Washington","King",102620,976,41,82.3,2,1,"3",1,3,4709,8930,4541,13,7
53035,"Washington","Kitsap",76814,41,12,80.1,9,4,"13",6,7,5878,8435,5978,15,6
53053,"Washington","Pierce",80236,304,32,78.9,19,23,"22",20,22,6683,9902,6418,17,7
53061,"Washington","Snohomish",93589,368,44,80.3,5,8,"9",15,10,5560,6060,5953,15,6
53063,"Washington","Spokane",60827,289,45,78.3,23,17,"23",3,20,6849,10590,6780,17,7
53067,"Washington","Thurston",79769,57,15,80.1,8,9,"11",11,9,5800,6257,5854,15,6
53077,"Washington","Yakima",56353,303,113,77,36,38,"36",38,38,8433,11080,8723,26,7
54003,"West Virginia","Berkeley",67163,65,49,74.9,8,7,"26",16,3,10210,13175,10205,22,8
54011,"West Virginia","Cabell",44161,95,72,71.3,47,13,"51",5,30,15316,20318,15229,24,11
54037,"West Virginia","Jefferson",85779,36,59,77.4,2,2,"5",11,1,8096,11363,8118,20,8
54039,"West Virginia","Kanawha",47830,189,70,72.5,40,17,"45",6,28,13389,17082,13398,23,10
54055,"West Virginia","Mercer",42095,50,53,71.8,48,39,"47",27,40,14322,19859,14197,27,11
54061,"West Virginia","Monongalia",55836,33,33,79.3,1,1,"1",1,2,6420,9790,6429,21,8
54081,"West Virginia","Raleigh",44526,28,24,71.5,46,33,"49",23,41,14848,14053,15133,26,10
55009,"Wisconsin","Brown",64905,216,69,79.5,24,18,"20",19,24,5936,15855,5293,15,7
55025,"Wisconsin","Dane",74829,216,37,81.4,7,3,"8",4,6,4935,12213,4625,12,7
55059,"Wisconsin","Kenosha",70368,229,117,77.8,49,53,"44",57,62,6754,12723,6639,16,8
55063,"Wisconsin","La Crosse",63298,69,43,79.6,22,4,"22",1,7,5988,17589,5946,13,7
55079,"Wisconsin","Milwaukee",52281,898,87,75.9,70,70,"68",56,71,9638,16286,7463,19,11
55087,"Wisconsin","Outagamie",70727,164,77,79.4,13,6,"16",6,10,5691,11320,5337,13,7
55101,"Wisconsin","Racine",66562,267,106,77.5,62,60,"60",38,59,7737,14308,6812,16,8
55105,"Wisconsin","Rock",66138,139,66,77.6,61,58,"59",60,51,7598,14512,7413,16,8
55117,"Wisconsin","Sheboygan",64104,127,79,79,17,12,"28",10,14,6191,11227,5927,14,6
55133,"Wisconsin","Waukesha",92359,421,68,81.1,2,2,"7",2,2,4888,8450,4888,11,6
55139,"Wisconsin","Winnebago",64653,172,77,79.1,33,15,"34",7,20,6262,10853,6150,14,7
